,random,naive,mfr,recommender,recommender one-hot,popularity,popularity one-hot,tcn,tcn one-hot,des,des on-hot,Parrot 50
0,0,0,0,0,0,0,0,0,0,0,0,100
1,0,0,0,0,0,0,0,0,0,0,0,0
2,0,0,0,0,0,0,0,0,0,0,0,100
3,0,0,0,0,0,0,0,0,0,0,0,0
4,0,0,0,0,0,0,0,0,0,0,0,0
5,0,0,0,0,0,0,0,0,0,0,0,0
6,0,0,0,0,0,0,0,0,0,0,0,0
7,0,0,0,0,0,0,0,100,100,0,0,100
8,0,0,0,0,0,0,0,0,0,0,0,0
9,0,0,0,0,0,0,0,0,0,0,0,100
10,0,0,0,0,0,0,0,0,0,0,0,100
11,0,0,0,0,0,0,0,0,0,0,0,100
12,0,0,0,0,0,0,0,0,0,0,0,100
13,0,0,0,0,0,0,0,0,0,0,0,100
14,0,0,0,0,0,0,0,0,0,0,0,0
15,0,0,0,0,0,0,100,0,0,0,0,100
16,0,0,0,0,0,0,0,0,0,0,0,0
17,0,0,0,0,0,0,0,0,0,0,0,0
18,0,0,0,0,0,0,0,0,0,0,0,100
19,0,0,0,0,0,0,0,0,0,0,0,0
20,0,0,0,0,0,0,0,0,0,0,0,0
21,0,0,0,0,0,0,0,0,0,0,0,0
22,0,0,0,0,0,0,0,100,100,0,0,0
23,0,0,0,0,0,100,0,0,0,0,0,100
24,0,0,0,100,100,0,0,0,0,0,0,100
25,0,0,0,0,0,0,0,0,0,0,0,0
26,0,0,0,0,0,0,0,0,0,0,0,100
27,0,0,0,0,0,0,0,0,0,0,0,100
28,0,0,0,0,0,0,0,0,0,0,0,0
29,0,0,0,0,0,0,0,0,0,0,0,100
30,0,0,0,0,0,0,0,0,0,0,0,100
31,0,0,0,0,0,0,0,0,0,0,0,100
32,0,0,0,0,0,0,0,0,0,0,0,100
33,0,0,0,0,0,0,0,0,0,0,0,0
34,0,0,0,0,0,0,0,0,0,0,0,100
35,0,0,0,0,0,0,0,100,100,0,0,0
36,0,0,0,0,0,0,0,0,0,0,0,100
37,0,0,0,0,0,0,0,0,0,0,0,0
38,0,0,0,0,0,0,0,0,0,0,0,100
39,0,0,0,0,0,0,0,0,0,0,0,100
40,0,0,0,0,0,0,0,0,0,0,0,0
41,0,0,0,0,0,0,0,0,0,0,0,100
42,0,0,0,0,0,0,0,0,0,0,0,100
43,0,0,0,0,0,0,0,0,0,0,0,0
44,0,0,0,0,0,0,0,0,0,0,0,0
45,0,0,0,0,0,0,0,0,0,0,0,100
46,0,0,0,0,0,0,0,0,0,0,0,100
47,0,0,0,0,0,0,0,0,0,0,0,100
48,0,0,0,0,0,0,0,0,0,0,0,0
49,0,0,0,0,0,0,0,100,100,0,0,0
50,0,0,0,0,0,0,0,0,0,0,0,100
51,0,0,0,0,0,0,0,0,0,0,0,100
52,0,0,0,0,0,0,0,0,0,0,0,100
53,0,0,0,0,0,0,0,0,0,0,0,100
54,0,0,0,0,0,0,0,0,0,0,0,0
55,0,0,0,0,0,0,0,0,0,0,0,100
56,0,0,0,0,0,0,0,0,0,0,0,0
57,0,0,0,0,0,0,0,0,0,0,0,0
58,0,0,0,0,0,0,0,0,0,0,0,0
59,0,0,0,0,0,0,0,0,0,0,0,100
60,0,0,0,0,0,0,0,0,0,0,0,0
61,0,0,0,0,0,0,0,0,0,0,0,100
62,0,0,0,0,0,0,0,0,0,0,0,0
63,0,0,0,0,0,0,0,0,0,0,0,0
64,0,0,0,0,0,0,0,0,0,0,0,100
65,0,0,0,0,0,0,0,0,0,0,0,0
66,0,0,0,100,100,0,0,0,0,0,0,0
67,0,0,0,0,0,0,0,0,0,0,0,100
68,0,0,0,0,0,0,0,0,0,0,0,100
69,0,0,0,0,0,0,0,0,0,0,0,100
70,0,0,0,0,0,0,0,0,0,0,0,0
71,0,0,0,0,0,0,0,0,0,0,0,100
72,0,0,0,0,0,0,0,0,0,0,0,100
73,0,0,0,0,0,0,0,0,0,0,0,100
74,0,0,0,0,0,0,0,0,0,0,0,100
75,0,0,0,0,0,0,0,0,0,0,0,0
76,0,0,100,0,0,0,0,100,100,0,0,100
77,0,0,0,0,0,0,0,0,0,0,0,100
78,0,0,0,0,0,0,0,0,0,0,0,100
79,0,0,0,0,0,0,0,0,0,0,0,100
80,0,0,0,0,0,0,0,0,0,0,0,100
81,0,0,0,0,0,0,0,0,0,0,0,100
82,0,0,0,0,0,0,0,0,0,0,0,0
83,0,0,0,0,0,0,0,0,0,0,0,100
84,0,0,0,0,0,0,0,0,0,0,0,100
85,0,0,0,0,0,0,0,0,0,0,0,100
86,0,0,0,0,0,0,0,0,0,0,0,0
87,0,0,0,0,0,0,0,0,0,0,0,100
88,0,0,0,0,0,0,0,0,0,0,0,100
89,0,0,0,0,0,0,0,0,0,0,0,100
90,0,0,0,0,0,0,0,0,0,0,0,100
91,0,0,0,0,0,0,100,100,100,0,0,100
92,0,0,100,0,0,0,0,100,100,100,100,100
93,0,0,0,0,0,0,0,0,0,0,0,0
94,0,0,0,0,0,0,0,100,100,0,0,0
95,0,0,0,0,0,0,0,0,0,0,0,0
96,0,0,0,0,0,0,0,0,0,0,0,0
97,0,0,0,0,0,0,0,0,0,0,0,100
98,0,0,0,0,0,0,0,0,0,0,0,100
99,0,0,0,0,0,0,0,0,0,0,0,100
100,0,0,0,0,0,0,0,0,0,0,0,0
101,0,0,0,0,0,0,0,0,0,0,0,0
102,0,0,0,0,0,0,0,0,0,0,0,100
103,0,0,0,0,0,0,0,0,0,0,0,100
104,0,0,0,0,0,100,100,0,0,0,100,100
105,0,0,0,0,0,0,0,0,0,0,0,100
106,0,0,0,0,0,0,0,0,0,0,0,0
107,0,0,0,0,0,0,0,0,0,0,0,0
108,0,0,0,0,0,0,0,0,0,0,0,0
109,0,0,0,0,0,0,0,0,0,0,0,0
110,0,0,0,0,0,0,0,0,0,0,0,0
111,0,0,0,0,0,0,0,0,0,0,0,100
112,0,0,0,0,0,0,0,0,0,0,0,100
113,0,0,0,0,0,0,0,0,0,0,0,100
114,0,0,0,0,0,0,0,0,0,0,0,100
115,0,0,0,0,0,0,0,0,0,0,0,0
116,0,0,0,0,0,0,0,0,0,0,0,0
117,0,0,0,0,0,0,0,0,0,0,0,100
118,0,0,0,0,0,0,0,0,0,0,0,0
119,0,0,0,0,0,0,0,0,0,0,0,100
120,0,0,0,0,0,0,0,0,0,0,0,0
121,0,0,0,0,0,0,0,0,0,0,0,0
122,0,0,0,0,0,0,0,0,0,0,0,0
123,0,0,100,0,0,0,0,0,0,0,0,0
124,100,0,0,0,0,0,0,0,0,0,0,100
125,0,0,0,0,0,0,0,0,0,0,0,0
126,0,0,0,0,0,0,0,0,0,0,0,0
127,0,0,0,0,0,0,0,0,0,0,0,100
128,0,0,0,0,0,0,0,0,0,0,0,100
129,0,0,0,0,0,0,0,0,0,0,0,0
130,0,0,0,0,0,0,0,0,0,0,0,0
131,0,0,0,0,0,0,0,0,0,0,0,0
132,0,0,0,0,0,0,0,0,0,0,0,0
133,0,0,0,0,0,0,0,0,0,0,0,0
134,0,0,0,0,0,0,0,0,0,0,0,0
135,0,0,0,0,0,0,0,0,0,0,0,0
136,0,0,0,0,0,0,0,0,0,0,0,0
137,0,0,0,0,0,0,0,0,0,0,0,0
138,0,0,0,0,0,0,0,0,0,0,0,0
139,0,0,0,0,0,0,0,0,0,0,0,100
140,0,0,0,0,0,0,0,0,0,0,0,100
141,0,0,0,0,0,0,0,0,0,0,0,0
142,0,0,0,0,0,0,0,100,100,0,0,0
143,0,0,0,0,0,0,0,0,0,0,0,100
144,0,0,0,100,100,0,0,0,0,0,0,0
145,0,0,0,0,0,0,0,0,0,0,0,100
146,0,0,0,0,0,0,0,0,0,0,0,0
147,0,0,0,0,0,0,0,0,0,0,0,0
148,0,0,0,0,0,0,0,0,0,0,0,100
149,0,0,0,0,0,0,0,0,0,0,0,0
150,0,0,0,0,0,0,0,0,0,0,0,0
151,0,0,0,100,100,0,0,0,0,0,0,0
152,0,0,0,0,0,0,0,0,0,0,0,0
153,0,0,0,0,0,0,0,100,100,0,0,100
154,0,0,0,0,0,0,0,0,0,0,0,0
155,0,0,0,0,0,0,0,0,0,0,0,0
156,0,0,0,0,0,0,0,0,0,0,0,0
157,0,0,0,0,0,0,0,0,0,0,0,0
158,0,0,0,0,0,0,0,0,0,0,0,0
159,0,0,0,0,0,0,0,0,0,0,0,100
160,0,0,0,0,0,0,0,0,0,0,0,0
161,0,0,0,0,0,0,0,0,0,0,0,0
162,0,0,0,0,0,0,0,0,0,0,0,100
163,0,0,0,0,0,0,0,0,0,0,0,0
164,0,0,0,0,0,0,0,0,0,0,0,100
165,0,0,0,0,0,0,0,0,0,0,0,0
166,0,0,0,0,0,0,0,0,0,0,0,0
167,0,0,0,0,0,0,0,0,0,0,0,100
168,0,0,0,0,0,0,0,0,0,0,0,0
169,0,0,0,0,0,100,100,0,0,0,100,0
170,0,0,0,0,0,0,0,0,0,0,0,0
171,0,0,0,0,0,0,0,0,0,0,0,0
172,0,0,0,0,0,0,0,0,0,0,0,0
173,0,0,0,100,100,0,0,0,0,0,0,100
174,0,0,0,0,0,0,0,0,0,0,0,0
175,0,0,0,0,0,0,0,0,0,0,0,0
176,0,0,0,0,0,0,0,0,0,0,0,0
177,0,0,0,0,0,0,0,0,0,0,0,0
178,0,0,0,0,0,0,0,0,0,0,0,0
179,0,0,0,0,0,0,0,0,0,0,0,0
180,0,0,0,0,0,0,0,0,0,0,0,0
181,0,0,0,0,0,0,0,0,0,0,0,0
182,0,0,0,0,0,0,0,0,0,0,0,0
183,0,0,0,0,0,0,0,0,0,0,0,100
184,0,0,0,0,0,0,0,0,0,0,0,100
185,0,0,0,0,0,0,0,0,0,0,0,100
186,0,0,0,0,0,0,0,100,100,0,0,100
187,0,0,0,0,0,0,0,100,100,0,0,0
188,0,0,0,100,100,0,0,0,0,0,0,100
189,0,0,0,0,0,0,0,0,0,0,0,0
190,0,0,0,0,0,0,0,0,0,0,0,100
191,0,0,0,0,0,0,0,0,0,0,0,0
192,0,0,0,0,0,0,0,0,0,0,0,100
193,0,0,0,0,0,0,0,0,0,0,0,0
194,0,0,0,0,0,0,0,0,0,0,0,0
195,0,0,0,0,0,0,0,0,0,0,0,100
196,0,0,0,0,0,0,0,0,0,0,0,100
197,0,0,0,0,0,0,0,0,0,0,0,0
198,0,0,0,0,0,0,0,0,0,0,0,0
199,0,0,0,0,0,0,0,0,0,0,0,0
200,0,0,0,0,0,0,0,0,0,0,0,100
201,0,0,100,0,0,0,0,0,0,0,0,0
202,0,0,0,0,0,0,0,0,0,0,0,100
203,0,0,0,0,0,0,0,0,0,0,0,100
204,0,0,0,0,0,0,0,0,0,0,0,100
205,0,0,0,0,0,0,0,0,0,0,0,0
206,0,0,0,0,0,0,0,0,0,0,0,100
207,0,0,0,0,0,0,0,0,0,0,0,0
208,0,0,0,0,0,0,0,0,0,0,0,0
209,0,0,0,0,0,0,0,0,0,0,0,0
210,0,0,0,0,0,0,0,0,0,0,0,100
211,0,0,0,0,0,0,0,0,0,0,0,0
212,0,0,0,0,0,0,0,0,0,0,0,0
213,0,0,0,0,0,0,0,0,0,0,0,0
214,0,0,0,0,0,0,0,0,0,0,0,100
215,0,0,0,0,0,0,0,0,0,0,0,0
216,0,0,0,0,0,0,0,0,0,0,0,100
217,0,0,0,100,100,0,0,0,0,0,0,100
218,0,0,0,0,0,0,0,0,0,0,0,100
219,0,0,0,0,0,0,0,0,0,0,0,100
220,0,0,0,0,0,0,0,0,0,0,0,100
221,0,0,0,0,0,0,0,0,0,0,0,100
222,0,0,0,0,0,0,0,0,0,0,0,0
223,0,0,0,0,0,0,0,0,0,0,0,0
224,0,0,0,0,0,0,0,0,0,0,0,100
225,0,0,0,0,0,0,0,0,0,0,0,0
226,0,0,0,0,0,0,0,0,0,0,0,100
227,0,0,0,0,0,0,0,0,0,0,0,100
228,0,0,0,0,0,0,0,0,0,0,0,100
229,0,0,0,0,0,0,0,0,0,0,0,100
230,0,0,0,0,0,0,0,0,0,0,0,0
231,0,0,0,0,0,0,0,0,0,0,0,100
232,0,0,0,0,0,0,0,0,0,0,0,100
233,0,0,100,0,0,0,0,0,0,100,100,100
234,0,0,0,0,0,0,0,0,0,0,0,100
235,0,0,0,0,0,0,0,0,0,0,0,100
236,0,0,0,0,0,0,0,0,0,0,0,0
237,0,0,0,0,0,0,0,0,0,0,0,0
238,0,0,0,0,0,0,0,0,0,0,0,100
239,0,0,0,0,0,0,0,0,0,0,0,0
240,0,0,0,0,0,0,0,0,0,0,0,0
241,0,0,0,0,0,0,0,0,0,0,0,100
242,0,0,0,0,0,0,0,0,0,0,0,0
243,0,0,0,0,0,0,0,0,0,0,0,100
244,0,0,0,0,0,0,0,0,0,0,0,100
245,0,0,0,0,0,0,100,0,0,0,0,100
246,0,0,0,0,0,0,0,0,0,0,0,0
247,0,0,0,0,0,0,0,0,0,0,0,100
248,0,0,0,0,0,0,0,0,0,0,0,100
249,0,0,0,0,0,0,0,0,0,0,0,100
250,0,0,0,0,0,0,0,0,0,0,0,0
251,0,0,0,0,0,0,0,0,0,0,0,0
252,0,0,0,0,0,0,0,0,0,0,0,100
253,0,0,0,0,0,0,0,0,0,0,0,100
254,0,0,0,0,0,0,0,0,0,0,0,100
255,0,0,100,0,0,0,0,100,100,100,100,100
256,0,0,0,0,0,0,0,0,0,0,0,0
257,0,0,0,0,0,0,0,0,0,0,0,100
258,0,0,0,0,0,0,0,0,0,0,0,100
259,0,0,0,0,0,0,0,0,0,0,0,100
260,0,0,0,0,0,0,0,0,0,0,0,0
261,0,0,0,0,0,0,0,0,0,0,0,100
262,0,0,0,0,0,0,0,0,0,0,0,100
263,0,0,0,0,0,0,0,0,0,0,0,100
264,0,0,0,0,0,0,0,0,0,0,0,0
265,0,0,0,0,0,0,0,0,0,0,0,0
266,0,0,0,0,0,0,0,0,0,0,0,100
267,0,0,0,0,0,0,0,0,0,0,0,0
268,0,0,0,0,0,0,0,0,0,0,0,100
269,0,0,0,0,0,0,0,0,0,0,0,100
270,0,0,0,0,0,0,0,0,0,0,0,100
271,0,0,0,0,0,0,0,0,0,0,0,100
272,0,0,0,0,0,0,0,0,0,0,0,0
273,0,0,0,0,0,0,0,0,0,0,0,0
274,0,0,0,0,0,0,0,0,0,0,0,100
275,0,0,0,0,0,0,0,0,0,0,0,100
276,0,0,0,0,0,0,0,0,0,0,0,100
277,100,0,0,0,0,0,0,0,0,0,0,0
278,0,0,0,0,0,0,0,0,0,0,0,0
279,0,0,0,0,0,0,0,0,0,0,0,100
280,0,0,0,0,0,0,0,0,0,0,0,100
281,0,0,0,0,0,0,0,0,0,0,0,100
282,0,0,0,0,0,0,0,0,0,0,0,100
283,0,0,0,0,0,0,0,0,0,0,0,100
284,0,0,0,0,0,0,0,0,0,0,0,0
285,0,0,0,0,0,0,0,0,0,0,0,100
286,0,0,0,0,0,0,0,0,0,0,0,0
287,0,0,0,0,0,0,0,0,0,0,0,100
288,0,0,0,0,0,0,0,0,0,0,0,100
289,0,0,0,0,0,0,0,0,0,0,0,0
290,0,0,0,0,0,0,0,0,0,0,0,0
291,0,0,0,0,0,0,0,0,0,0,0,100
292,0,0,0,0,0,0,0,0,0,0,0,100
293,0,0,0,0,0,0,0,0,0,0,0,0
294,0,0,0,0,0,0,0,0,0,0,0,0
295,0,0,0,0,0,0,0,0,0,0,0,0
296,0,0,0,0,0,0,0,0,0,0,0,0
297,0,0,0,0,0,0,0,0,0,0,0,0
298,0,0,0,0,0,0,0,0,0,0,0,0
299,0,0,0,0,0,0,0,0,0,0,0,0
300,0,0,0,100,100,0,0,0,0,0,0,100
301,0,0,0,0,0,0,0,0,0,0,0,0
302,0,0,0,0,0,0,0,0,0,0,0,100
303,0,0,0,0,0,0,0,0,0,0,0,100
304,0,0,0,0,0,0,0,0,0,0,0,0
305,0,0,0,0,0,0,0,0,0,0,0,100
306,0,0,0,0,0,0,0,0,0,0,0,0
307,0,0,0,0,0,0,0,0,0,0,0,100
308,0,0,0,0,0,0,0,0,0,0,0,0
309,0,0,0,0,0,0,0,0,0,0,0,0
310,0,0,0,0,0,0,0,0,0,0,0,100
311,0,0,0,0,0,0,0,0,0,0,0,100
312,0,0,0,0,0,0,0,100,100,0,0,0
313,0,0,0,0,0,0,0,0,0,0,0,100
314,0,0,0,0,0,0,0,0,0,0,0,100
315,0,0,0,0,0,0,0,0,0,0,0,100
316,0,0,0,0,0,0,0,0,0,0,0,0
317,0,0,0,0,0,0,0,0,0,0,0,0
318,0,0,0,100,100,0,0,0,0,0,0,0
319,0,0,0,0,0,0,0,100,100,0,0,100
320,0,0,0,0,0,0,0,0,0,0,0,0
321,0,0,0,0,0,0,0,0,0,0,0,0
322,0,0,0,0,0,0,0,0,0,0,0,100
323,0,0,0,0,0,0,0,0,0,0,0,0
324,0,0,0,0,0,0,0,0,0,0,0,100
325,0,0,0,0,0,0,0,0,0,0,0,100
326,0,0,0,0,0,0,0,0,0,0,0,100
327,0,0,0,0,0,0,0,0,0,0,0,100
328,0,0,0,0,0,0,0,0,0,0,0,100
329,0,0,0,100,100,0,0,0,0,0,0,100
330,0,0,0,0,0,0,0,0,0,0,0,100
331,0,0,0,0,0,0,0,0,0,0,0,0
332,0,0,0,0,0,0,0,0,0,0,0,0
333,0,0,0,0,0,0,0,0,0,0,0,100
334,0,0,100,0,0,0,0,100,100,100,0,0
335,0,0,0,0,0,0,0,0,0,0,0,0
336,0,0,0,0,0,0,0,0,0,0,0,100
337,0,0,0,0,0,0,0,0,0,0,0,0
338,0,0,0,0,0,0,0,0,0,0,0,100
339,0,0,0,0,0,0,0,0,0,0,0,100
340,0,0,0,0,0,0,0,0,0,0,0,100
341,0,0,0,0,0,0,0,0,0,0,0,0
342,0,0,0,0,0,0,0,0,0,0,0,0
343,0,0,0,0,0,0,0,0,0,0,0,0
344,0,0,0,0,0,0,0,0,0,0,0,0
345,0,0,0,0,0,0,0,0,0,0,0,100
346,0,0,0,0,0,0,0,0,0,0,0,100
347,0,0,0,0,0,0,0,0,0,0,0,0
348,0,0,100,0,0,0,100,0,0,100,0,0
349,0,0,0,0,0,0,0,0,0,0,0,0
350,0,0,0,0,0,0,0,0,0,0,0,0
351,0,0,0,0,0,0,0,0,0,0,0,0
352,0,0,0,0,0,0,0,0,0,0,0,100
353,0,0,0,0,0,0,0,0,0,0,0,0
354,0,0,0,0,0,0,0,0,0,0,0,100
355,0,0,0,0,0,0,0,0,0,0,0,100
356,0,0,0,0,0,0,0,0,0,0,0,100
357,0,0,0,0,0,0,0,0,0,0,0,100
358,0,0,0,0,0,0,0,0,0,0,0,100
359,0,0,0,0,0,0,0,0,0,0,0,0
360,0,0,0,0,0,0,0,100,100,0,0,0
361,0,0,0,0,0,0,0,0,0,0,0,100
362,0,0,0,0,0,0,0,0,0,0,0,0
363,0,0,0,0,0,0,0,0,0,0,0,100
364,0,0,0,0,0,0,0,0,0,0,0,100
365,0,0,0,0,0,0,0,100,100,0,0,100
366,0,0,0,0,0,0,0,0,0,0,0,100
367,0,0,0,0,0,0,0,0,0,0,0,100
368,100,0,0,0,0,0,0,0,0,0,0,0
369,0,0,0,0,0,0,0,0,0,0,0,0
370,0,0,0,0,0,0,0,0,0,0,0,100
371,0,0,0,0,0,0,0,0,0,0,0,100
372,0,0,0,0,0,0,0,0,0,0,0,100
373,0,0,0,0,0,0,0,0,0,0,0,0
374,0,0,0,0,0,0,0,0,0,0,0,0
375,0,0,0,0,0,0,0,0,0,0,0,100
376,0,0,0,0,0,0,0,0,0,0,0,0
377,0,0,0,0,0,0,0,0,0,0,0,0
378,0,0,0,0,0,0,0,0,0,0,0,100
379,0,0,0,0,0,0,0,0,0,0,0,100
380,0,0,0,0,0,0,0,0,0,0,0,100
381,0,0,0,0,0,0,0,0,0,0,0,100
382,0,0,0,0,0,0,0,0,0,0,0,0
383,0,0,0,0,0,0,0,0,0,0,0,0
384,0,0,0,0,0,0,0,0,0,0,0,100
385,0,0,0,0,0,0,0,0,0,0,0,100
386,0,0,0,0,0,0,0,0,0,0,0,100
387,0,0,0,0,0,0,0,0,0,0,0,0
388,0,0,0,0,0,0,0,0,0,0,0,100
389,0,0,0,0,0,0,0,0,0,0,0,0
390,0,0,0,0,0,0,0,0,0,0,0,0
391,0,0,0,0,0,0,0,0,0,0,0,100
392,0,0,0,0,0,0,0,0,0,0,0,0
393,0,0,0,0,0,0,0,0,0,0,0,100
394,0,0,0,0,0,0,0,0,0,0,0,0
395,0,0,0,0,0,0,0,0,0,0,0,0
396,0,0,0,0,0,0,0,0,0,0,0,100
397,0,0,0,0,0,0,0,0,0,0,0,100
398,0,0,0,0,0,0,0,0,0,0,0,0
399,0,0,0,0,0,0,0,0,0,0,0,100
400,0,0,0,0,0,0,0,100,100,0,0,0
401,0,0,0,0,0,0,0,0,0,0,0,0
402,0,0,0,0,0,0,0,0,0,0,0,100
403,0,0,0,0,0,0,0,0,0,0,0,0
404,0,0,0,0,0,0,0,0,0,0,0,0
405,0,0,0,0,0,0,0,0,0,0,0,0
406,0,0,0,0,0,0,0,0,0,0,0,0
407,0,0,0,0,0,0,0,0,0,0,0,0
408,0,0,0,0,0,0,0,0,0,0,0,100
409,0,0,0,0,0,0,0,0,0,0,0,100
410,0,0,0,0,0,0,0,0,0,0,0,0
411,0,0,0,0,0,0,0,0,0,0,0,100
412,0,0,0,0,0,0,0,0,0,0,0,100
413,0,0,0,0,0,0,0,0,0,0,0,0
414,0,0,0,0,0,0,0,0,0,0,0,100
415,0,0,0,0,0,0,0,0,0,0,0,0
416,0,0,0,0,0,0,0,0,0,0,0,100
417,0,0,0,0,0,0,0,0,0,0,0,0
418,0,0,0,0,0,0,0,0,0,0,0,100
419,0,0,0,0,0,0,0,0,0,0,0,100
420,0,0,0,0,0,0,0,0,0,0,0,0
421,0,0,0,0,0,0,0,0,0,0,0,0
422,0,0,0,0,0,0,0,0,0,0,0,0
423,0,0,0,0,0,0,0,0,0,0,0,100
424,0,0,0,0,0,0,0,0,0,0,0,100
425,0,0,0,0,0,0,0,0,0,0,0,0
426,0,0,0,0,0,0,0,0,0,0,0,100
427,0,0,0,0,0,0,0,0,0,0,0,100
428,0,0,0,0,0,0,0,0,0,0,0,0
429,0,0,0,0,0,0,0,0,0,0,0,0
430,0,0,0,0,0,0,0,0,0,0,0,0
431,0,0,0,0,0,0,0,0,0,0,0,100
432,0,0,0,0,0,0,0,0,0,0,0,100
433,0,0,0,0,0,0,0,0,0,0,0,100
434,0,0,0,0,0,0,0,0,0,0,0,0
435,0,0,0,0,0,0,0,0,0,0,0,100
436,0,0,0,0,0,0,0,0,0,0,0,100
437,0,0,0,100,100,0,0,0,0,0,0,0
438,0,0,0,0,0,0,0,0,0,0,0,0
439,0,0,0,0,0,0,0,0,0,0,0,100
440,0,0,0,0,0,0,0,0,0,0,0,100
441,0,0,0,0,0,0,0,0,0,0,0,100
442,0,0,0,0,0,0,0,0,0,0,0,100
443,0,0,0,0,0,0,0,0,0,0,0,100
444,0,0,0,0,0,0,0,0,0,0,0,0
445,0,0,0,0,0,0,0,0,0,0,0,0
446,0,0,0,0,0,0,0,0,0,0,0,0
447,0,0,0,0,0,0,0,0,0,0,0,0
448,0,0,0,0,0,0,0,0,0,0,0,100
449,0,0,0,0,0,0,0,0,0,0,0,100
450,0,0,0,0,0,0,0,0,0,0,0,100
451,0,0,0,0,0,0,0,0,0,0,0,100
452,0,0,0,0,0,0,0,0,0,0,0,0
453,0,0,0,0,0,0,0,0,0,0,0,0
454,0,0,0,0,0,0,0,100,100,0,0,100
455,0,0,0,0,0,0,0,0,0,0,0,100
456,0,0,0,0,0,0,0,0,0,0,0,100
457,0,0,0,0,0,0,0,0,0,0,0,0
458,0,0,0,0,0,0,0,0,0,0,0,100
459,0,0,0,0,0,0,0,0,0,0,0,100
460,0,0,0,0,0,0,0,0,0,0,0,100
461,0,0,0,0,0,0,0,0,0,0,0,0
462,0,0,0,0,0,0,0,0,0,0,0,0
463,0,0,0,0,0,0,0,0,0,0,0,0
464,0,0,0,0,0,0,0,0,0,0,0,0
465,0,0,0,0,0,0,0,0,0,0,0,0
466,0,0,0,0,0,0,0,0,0,0,0,100
467,0,0,0,0,0,0,0,0,0,0,0,100
468,0,0,0,0,0,0,0,0,0,0,0,0
469,0,0,0,0,0,0,0,0,0,0,0,100
470,0,0,0,0,0,0,0,0,0,0,0,100
471,0,0,0,0,0,0,0,0,0,0,0,0
472,0,0,0,100,100,0,0,0,0,0,0,100
473,0,0,0,0,0,0,0,0,0,0,0,100
474,0,0,0,0,0,0,0,0,0,0,0,0
475,0,0,0,0,0,0,0,0,0,0,0,100
476,0,0,0,0,0,0,0,0,0,0,0,0
477,0,0,0,0,0,0,0,0,0,0,0,0
478,0,0,0,0,0,0,0,0,0,0,0,100
479,0,0,0,0,0,0,0,0,0,0,0,100
480,0,0,0,0,0,0,0,0,0,0,0,100
481,0,0,0,0,0,0,0,0,0,0,0,0
482,0,0,0,0,0,0,0,0,0,0,0,100
483,0,0,0,0,0,0,0,0,0,0,0,0
484,0,0,0,0,0,0,0,0,0,0,0,0
485,0,0,100,0,0,0,0,0,0,0,100,100
486,0,0,0,0,0,0,0,0,0,0,0,0
487,0,0,0,0,0,0,0,0,0,0,0,0
488,0,0,0,0,0,0,0,0,0,0,0,0
489,0,0,0,0,0,0,0,0,0,0,0,100
490,0,0,0,0,0,0,0,0,0,0,0,0
491,0,0,0,0,0,0,0,0,0,0,0,100
492,0,0,0,0,0,0,0,0,0,0,0,100
493,0,0,0,0,0,0,0,0,0,0,0,0
494,100,0,0,0,0,0,0,0,0,0,0,100
495,0,0,0,0,0,0,0,0,0,0,0,0
496,0,0,0,0,0,0,0,0,0,0,0,0
497,0,0,0,0,0,0,0,0,0,0,0,100
498,0,0,0,0,0,0,0,0,0,0,0,0
499,0,0,0,0,0,0,0,0,0,0,0,100
500,0,0,0,0,0,0,0,0,0,0,0,0
501,0,0,0,0,0,0,0,0,0,0,0,100
502,0,0,0,0,0,0,0,0,0,0,0,0
503,0,0,0,0,0,0,0,0,0,0,0,0
504,0,0,0,0,0,0,0,0,0,0,0,0
505,0,0,0,100,100,0,0,0,0,0,0,0
506,0,0,0,0,0,0,0,0,0,0,0,0
507,0,0,0,0,0,0,0,0,0,0,0,100
508,0,0,0,0,0,0,0,0,0,0,0,0
509,0,0,0,0,0,0,0,0,0,0,0,100
510,0,0,0,0,0,0,0,0,0,0,0,0
511,0,0,0,0,0,0,0,0,0,0,0,100
512,0,0,0,0,0,0,0,0,0,0,0,100
513,0,0,0,0,0,0,0,0,0,0,0,100
514,0,0,100,0,0,0,100,0,0,0,0,100
515,0,0,0,0,0,0,0,0,0,0,0,100
516,0,0,0,0,0,0,0,0,0,0,0,0
517,0,0,0,0,0,0,0,0,0,0,0,0
518,0,0,0,0,0,0,0,0,0,0,0,0
519,0,0,0,0,0,0,0,0,0,0,0,100
520,0,0,0,0,0,0,0,0,0,0,0,0
521,0,0,0,0,0,0,0,0,0,0,0,0
522,0,0,0,0,0,0,0,0,0,0,0,100
523,0,0,0,0,0,0,0,0,0,0,0,100
524,0,0,0,0,0,0,0,0,0,0,0,0
525,0,0,0,0,0,0,0,0,0,0,0,0
526,0,0,0,0,0,0,0,0,0,0,0,0
527,0,0,0,0,0,0,0,0,0,0,0,0
528,0,0,0,0,0,0,0,0,0,0,0,0
529,0,0,0,0,0,0,0,0,0,0,0,100
530,0,0,0,0,0,0,0,0,0,0,0,100
531,0,0,0,0,0,0,0,0,0,0,0,0
532,0,0,0,0,0,0,0,0,0,0,0,100
533,0,0,0,0,0,0,0,0,0,0,0,0
534,0,0,0,0,0,0,0,0,0,0,0,100
535,0,100,0,0,0,0,0,0,0,0,0,100
536,0,0,0,0,0,0,0,0,0,0,0,100
537,0,0,0,0,0,0,0,0,0,0,0,100
538,0,0,0,0,0,0,0,0,0,0,0,100
539,0,0,0,0,0,0,0,0,0,0,0,0
540,0,0,0,0,0,0,0,0,0,0,0,100
541,0,0,0,0,0,0,0,0,0,0,0,100
542,0,0,0,0,0,0,0,0,0,0,0,100
543,0,0,0,0,0,0,0,0,0,0,0,100
544,0,0,0,0,0,0,100,0,0,0,0,0
545,0,0,0,0,0,0,0,0,0,0,0,100
546,0,0,0,0,0,0,0,0,0,0,0,0
547,0,0,0,0,0,0,0,0,0,0,0,0
548,0,0,0,0,0,0,0,0,0,0,0,0
549,0,0,0,0,0,0,0,0,0,0,0,0
550,0,0,0,0,0,0,0,0,0,0,0,0
551,0,0,0,0,0,0,0,0,0,0,0,0
552,0,0,0,0,0,0,0,0,0,0,0,0
553,0,0,0,0,0,0,0,0,0,0,0,100
554,0,0,0,0,0,0,0,0,0,0,0,0
555,0,0,100,0,0,0,0,100,100,0,0,100
556,0,0,0,0,0,0,0,0,0,0,0,100
557,0,0,0,0,0,0,0,100,100,0,0,0
558,0,0,0,0,0,0,0,100,100,0,0,0
559,0,0,0,0,0,0,0,0,0,0,0,100
560,0,0,0,0,0,0,0,0,0,0,100,100
561,0,0,100,0,0,0,0,0,0,0,0,100
562,0,0,0,0,0,0,0,0,0,0,0,0
563,0,0,0,0,0,0,0,0,0,0,0,0
564,0,0,0,0,0,0,0,0,0,0,0,0
565,0,0,0,0,0,0,0,0,0,0,0,100
566,0,0,0,0,0,0,0,0,0,0,0,100
567,0,0,0,0,0,0,0,0,0,0,0,100
568,0,0,0,100,100,0,0,0,0,0,0,100
569,0,0,0,0,0,0,0,0,0,0,0,0
570,0,0,0,0,0,0,0,0,0,0,100,0
571,0,0,0,0,0,0,0,0,0,0,0,100
572,0,0,0,0,0,0,0,0,0,0,0,0
573,0,0,0,0,0,0,0,0,0,0,0,100
574,0,0,0,0,0,0,0,0,0,0,0,100
575,0,0,0,0,0,0,0,0,0,0,0,0
576,0,0,0,0,0,0,0,0,0,0,0,100
577,0,0,0,0,0,0,0,100,100,0,0,100
578,0,0,0,0,0,0,0,0,0,0,0,0
579,0,0,0,0,0,0,0,0,0,0,0,0
580,0,0,0,0,0,0,0,0,0,0,0,0
581,0,0,0,0,0,0,0,0,0,0,0,100
582,0,0,0,0,0,0,0,0,0,0,0,0
583,0,0,0,0,0,0,0,0,0,100,100,100
584,0,0,0,0,0,0,0,0,0,0,0,100
585,0,0,0,0,0,0,0,0,0,0,0,0
586,0,0,0,100,100,0,0,100,100,0,0,100
587,0,0,0,0,0,0,0,0,0,0,0,0
588,0,0,0,0,0,0,0,0,0,0,0,100
589,0,0,0,0,0,0,0,0,0,0,0,100
590,0,0,0,0,0,0,0,0,0,0,0,0
591,0,0,0,0,0,0,0,0,0,0,0,0
592,0,0,0,100,100,0,0,0,0,0,0,100
593,0,0,0,0,0,0,0,100,100,0,0,0
594,0,0,0,0,0,0,0,0,0,0,0,0
595,0,0,0,0,0,0,0,0,0,0,0,100
596,0,0,0,0,0,0,0,0,0,0,0,100
597,0,0,100,0,0,0,0,100,100,0,0,100
598,0,0,0,0,0,0,0,0,0,0,0,100
599,0,0,0,0,0,0,0,0,0,0,0,100
600,0,0,0,0,0,0,0,0,0,0,0,0
601,0,0,0,0,0,0,0,0,0,0,0,0
602,0,0,0,0,0,0,100,0,0,100,100,0
603,0,0,0,0,0,0,0,0,0,0,0,100
604,0,0,0,0,0,0,0,0,0,0,0,0
605,0,0,0,0,0,0,0,0,0,0,0,0
606,0,0,0,0,0,100,100,0,0,100,100,0
607,0,0,0,0,0,0,0,0,0,0,0,100
608,0,0,0,0,0,0,0,0,0,0,0,100
609,0,0,0,0,0,0,0,0,0,0,0,0
610,0,0,0,0,0,0,0,0,0,0,0,100
611,0,0,0,0,0,0,0,0,0,0,0,0
612,0,0,0,0,0,0,0,0,0,0,0,0
613,0,0,0,0,0,0,0,0,0,0,0,100
614,0,0,0,0,0,0,0,0,0,0,0,0
615,0,0,0,0,0,0,0,0,0,0,0,0
616,0,0,0,0,0,0,0,0,0,0,0,100
617,0,0,0,0,0,0,0,0,0,0,0,100
618,0,0,0,0,0,0,0,0,0,0,0,0
619,0,0,0,0,0,0,0,0,0,0,0,0
620,0,0,0,0,0,0,0,0,0,0,0,100
621,0,0,0,0,0,0,0,0,0,0,0,0
622,0,0,0,0,0,0,0,0,0,0,0,100
623,0,0,0,0,0,0,0,0,0,0,0,100
624,0,0,0,0,0,0,0,0,0,0,0,100
625,0,0,0,0,0,0,0,0,0,0,0,100
626,0,0,0,0,0,0,0,0,0,0,0,100
627,0,0,0,0,0,100,100,0,0,100,100,100
628,0,0,0,0,0,0,0,0,0,0,0,100
629,0,0,0,0,0,0,0,0,0,0,0,0
630,0,0,0,0,0,0,0,0,0,0,0,100
631,0,0,0,0,0,0,0,0,0,0,0,0
632,0,0,100,0,0,0,0,0,0,0,0,0
633,0,0,0,0,0,0,0,0,0,0,0,100
634,0,0,0,0,0,0,0,0,0,0,0,100
635,0,0,0,0,0,0,0,0,0,0,0,0
636,0,0,0,0,0,0,0,100,100,0,0,100
637,0,0,0,0,0,0,0,0,0,0,0,0
638,0,0,0,0,0,0,0,0,0,0,0,0
639,0,0,0,0,0,0,0,0,0,0,0,0
640,0,0,0,0,0,0,0,0,0,0,0,100
641,0,0,0,0,0,0,0,0,0,0,0,100
642,0,0,0,0,0,0,0,0,0,0,0,0
643,0,0,0,0,0,0,0,0,0,0,0,0
644,0,0,0,0,0,0,0,0,0,0,0,100
645,0,0,0,0,0,0,0,0,0,0,0,100
646,0,0,0,0,0,0,0,0,0,0,0,100
647,0,0,0,0,0,0,0,0,0,0,0,100
648,0,0,0,0,0,0,0,0,0,0,0,0
649,0,0,0,0,0,0,0,0,0,0,0,0
650,0,0,0,0,0,0,0,0,0,0,0,100
651,0,0,0,0,0,0,0,0,0,0,0,0
652,0,0,0,0,0,0,0,0,0,0,0,100
653,0,0,0,0,0,0,0,0,0,0,0,0
654,0,0,0,0,0,0,0,0,0,0,0,0
655,0,0,0,0,0,0,0,0,0,0,0,0
656,0,0,0,0,0,0,0,0,0,0,0,0
657,0,0,0,0,0,0,0,0,0,0,0,100
658,0,0,0,0,0,100,100,0,0,100,100,0
659,0,0,0,0,0,0,0,0,0,0,0,100
660,0,0,100,0,0,0,0,100,100,0,0,100
661,0,0,0,0,0,0,0,0,0,0,0,100
662,0,0,0,0,0,0,0,0,0,0,0,100
663,0,0,0,0,0,0,0,0,0,0,0,0
664,0,0,0,0,0,0,0,0,0,0,0,0
665,0,0,0,0,0,0,0,0,0,0,0,100
666,0,0,0,0,0,0,0,0,0,0,0,100
667,0,0,0,0,0,0,0,0,0,0,0,100
668,0,0,0,0,0,0,0,0,0,0,0,0
669,0,0,0,0,0,0,0,0,0,0,0,0
670,0,0,0,0,0,0,0,0,0,0,0,100
671,0,0,0,0,0,0,0,0,0,0,0,0
672,0,0,0,0,0,0,0,0,0,0,0,100
673,0,0,0,0,0,0,0,0,0,0,0,0
674,0,0,0,0,0,0,0,0,0,0,0,100
675,0,0,0,0,0,0,0,0,0,0,0,0
676,0,0,0,0,0,0,0,0,0,0,0,100
677,0,0,0,0,0,0,0,0,0,0,0,0
678,0,0,0,0,0,0,0,0,0,0,0,0
679,0,0,0,0,0,0,0,0,0,0,0,0
680,0,0,0,0,0,0,0,0,0,0,0,100
681,0,0,0,0,0,0,0,0,0,0,0,0
682,0,0,0,0,0,100,100,0,0,100,100,0
683,0,0,0,100,100,0,0,0,0,0,0,0
684,0,0,0,0,0,0,0,0,0,0,0,100
685,0,0,0,0,0,0,0,0,0,0,0,100
686,0,0,0,0,0,0,0,0,0,0,0,100
687,0,0,0,0,0,0,0,0,0,0,0,100
688,0,0,0,100,100,0,0,0,0,0,0,0
689,0,0,0,0,0,0,0,0,0,0,0,100
690,0,0,0,0,0,0,0,0,0,0,0,100
691,0,0,0,0,0,0,0,0,0,0,0,0
692,0,0,0,0,0,0,0,0,0,0,0,0
693,0,0,0,100,100,0,0,0,0,0,0,100
694,0,0,0,0,0,0,0,0,0,0,0,100
695,0,0,0,100,100,0,0,0,0,0,0,100
696,0,0,0,0,0,0,0,100,100,0,0,0
697,0,0,0,0,0,0,0,0,0,0,0,100
698,0,0,0,0,0,0,0,0,0,0,0,0
699,0,0,0,0,0,0,0,0,0,0,0,100
700,0,0,0,0,0,0,0,0,0,0,0,100
701,0,0,0,0,0,0,0,0,0,0,0,0
702,0,0,0,0,0,0,0,0,0,0,0,100
703,100,0,0,0,0,0,0,100,100,0,0,100
704,0,0,0,0,0,0,0,100,100,0,0,0
705,0,0,0,0,0,0,0,0,0,0,0,0
706,0,0,0,0,0,0,0,0,0,0,0,0
707,0,0,0,0,0,0,0,0,0,0,0,100
708,0,0,0,0,0,0,0,0,0,0,0,100
709,0,0,0,0,0,0,0,0,0,0,0,100
710,0,0,100,0,0,0,0,0,0,0,0,0
711,0,0,0,0,0,0,0,0,0,0,0,0
712,0,0,0,0,0,0,0,0,0,0,0,0
713,0,0,0,0,0,0,0,0,0,0,0,100
714,0,0,0,0,0,0,0,0,0,0,0,100
715,0,0,0,0,0,0,0,0,0,0,0,100
716,0,0,0,0,0,0,0,0,0,0,0,100
717,0,0,0,0,0,0,0,0,0,0,0,100
718,0,0,0,0,0,0,0,100,100,0,0,100
719,0,0,0,0,0,0,0,0,0,0,0,0
720,0,0,0,0,0,0,0,0,0,0,0,100
721,0,0,0,0,0,100,100,0,0,100,100,100
722,0,0,0,0,0,0,0,0,0,0,0,100
723,0,0,0,0,0,0,0,100,100,0,0,0
724,0,0,0,0,0,0,0,0,0,0,0,0
725,0,0,0,0,0,0,0,0,0,0,0,100
726,0,0,0,0,0,0,0,0,0,0,0,0
727,0,0,0,0,0,0,0,0,0,0,0,100
728,0,0,0,0,0,0,0,0,0,0,0,100
729,100,0,0,0,0,0,0,0,0,0,0,100
730,0,0,0,0,0,0,0,0,0,0,0,0
731,0,0,0,0,0,0,0,0,0,0,0,0
732,0,0,0,0,0,0,0,0,0,0,0,100
733,0,0,0,0,0,0,0,0,0,0,0,100
734,0,0,0,0,0,0,0,0,0,0,0,100
735,0,0,0,0,0,0,0,0,0,0,0,100
736,0,0,0,0,0,0,0,0,0,0,0,0
737,0,0,0,0,0,0,0,0,0,0,0,0
738,0,0,0,0,0,0,0,0,0,0,0,100
739,0,0,0,0,0,0,0,0,0,0,0,100
740,0,0,0,0,0,100,100,0,0,100,100,100
741,0,0,0,0,0,0,0,0,0,0,0,100
742,0,0,100,0,0,0,0,100,100,0,0,0
743,0,0,0,0,0,0,0,0,0,0,0,100
744,0,0,0,0,0,0,0,0,0,0,0,0
745,0,0,0,0,0,0,0,0,0,0,0,100
746,0,0,0,0,0,0,0,0,0,0,0,100
747,0,0,0,0,0,0,0,0,0,0,0,0
748,0,0,0,0,0,0,0,0,0,0,0,0
749,0,0,0,0,0,0,0,100,100,0,0,0
750,0,0,0,0,0,0,0,0,0,0,0,100
751,0,0,0,0,0,0,0,0,0,0,0,100
752,0,0,0,0,0,0,0,0,0,0,0,0
753,0,0,0,0,0,0,0,0,0,0,0,0
754,0,0,0,0,0,0,0,0,0,0,0,100
755,0,0,0,0,0,0,0,0,0,0,0,100
756,0,0,0,0,0,0,0,0,0,0,0,0
757,0,0,0,0,0,0,0,0,0,0,0,0
758,0,0,0,0,0,0,0,0,0,0,0,0
759,0,0,0,0,0,0,0,0,0,0,0,100
760,0,0,0,0,0,0,0,0,0,0,0,0
761,0,0,0,0,0,0,0,100,100,0,0,100
762,0,0,0,0,0,0,0,100,100,0,0,0
763,0,0,0,0,0,0,0,0,0,0,0,100
764,0,0,0,0,0,0,0,0,0,0,0,0
765,0,0,0,0,0,0,0,0,0,0,0,0
766,0,0,0,0,0,0,0,0,0,0,0,0
767,0,0,0,0,0,0,0,0,0,0,0,0
768,0,0,0,0,0,0,0,0,0,0,0,100
769,0,0,0,0,0,0,0,100,100,0,0,0
770,0,0,0,0,0,0,0,0,0,0,0,100
771,0,0,0,0,0,0,0,0,0,0,0,100
772,0,0,0,0,0,0,0,100,100,0,0,0
773,0,0,0,0,0,0,0,0,0,0,0,0
774,0,0,0,0,0,0,0,0,0,0,0,100
775,0,0,0,0,0,100,100,0,0,100,100,100
776,0,0,100,0,0,0,0,100,100,0,0,0
777,0,0,0,0,0,0,0,0,0,0,0,0
778,0,0,0,0,0,0,0,0,0,0,0,100
779,0,0,0,0,0,0,0,0,0,0,0,0
780,0,0,0,0,0,0,0,0,0,0,0,0
781,0,0,0,0,0,0,0,0,0,0,0,100
782,0,0,0,0,0,0,0,0,0,0,0,100
783,0,0,0,0,0,0,0,0,0,0,0,0
784,0,0,0,0,0,0,0,0,0,0,0,0
785,0,0,0,0,0,0,0,0,0,0,0,100
786,0,0,0,0,0,0,0,0,0,0,0,100
787,0,0,0,0,0,0,0,0,0,0,0,100
788,0,0,0,0,0,0,0,0,0,0,0,0
789,0,0,0,0,0,0,0,0,0,0,0,0
790,0,0,0,0,0,0,0,0,0,0,0,100
791,0,0,0,0,0,0,0,0,0,0,0,100
792,0,0,0,0,0,0,0,0,0,0,0,0
793,0,0,0,0,0,0,0,0,0,0,0,0
794,0,0,0,0,0,0,0,0,0,0,0,100
795,0,0,0,0,0,0,0,0,0,0,0,100
796,0,0,0,0,0,0,0,0,0,0,0,0
797,0,0,0,0,0,0,0,0,0,0,0,100
798,0,0,0,0,0,0,0,0,0,0,0,0
799,0,0,0,0,0,0,0,0,0,0,0,100
800,0,0,0,0,0,0,0,0,0,0,0,0
801,0,0,0,0,0,0,0,0,0,0,0,100
802,0,0,0,0,0,0,0,0,0,0,0,0
803,0,0,0,0,0,0,0,0,0,0,0,0
804,0,0,0,0,0,0,0,0,0,0,0,100
805,0,0,0,0,0,0,0,0,0,0,0,0
806,0,0,0,0,0,0,0,0,0,0,0,100
807,0,0,0,0,0,0,0,0,0,0,0,0
808,0,0,0,0,0,0,0,0,0,0,0,0
809,0,0,0,0,0,0,0,0,0,0,0,100
810,100,0,0,0,0,100,100,0,0,100,100,0
811,0,0,0,0,0,0,0,0,0,0,0,0
812,0,0,0,0,0,0,0,0,0,0,0,0
813,0,0,0,0,0,0,0,100,100,0,0,100
814,0,0,0,0,0,0,0,0,0,0,0,100
815,0,0,0,0,0,0,0,100,100,0,0,100
816,0,0,0,0,0,0,0,0,0,0,0,0
817,0,0,0,0,0,0,0,0,0,0,0,0
818,0,0,0,0,0,0,0,0,0,0,0,0
819,0,0,0,0,0,0,0,0,0,0,0,100
820,0,0,0,0,0,0,0,0,0,0,0,0
821,0,0,0,0,0,0,0,0,0,0,0,0
822,0,0,0,0,0,0,0,0,0,0,0,100
823,0,0,100,0,0,0,0,0,0,0,0,100
824,0,0,0,0,0,0,0,0,0,0,0,0
825,0,0,0,0,0,0,0,0,0,0,0,0
826,0,0,0,0,0,0,0,0,0,0,0,100
827,0,0,0,0,0,0,0,0,0,0,0,100
828,0,0,0,0,0,0,0,0,0,0,0,0
829,0,0,0,0,0,0,0,0,0,0,0,100
830,0,0,0,0,0,0,0,0,0,0,0,100
831,0,0,0,0,0,0,0,0,0,0,0,0
832,0,0,0,0,0,0,0,0,0,0,0,100
833,0,0,0,0,0,0,0,0,0,0,0,100
834,0,0,0,0,0,0,0,0,0,0,0,100
835,0,0,0,0,0,0,0,0,0,0,0,0
836,0,0,0,0,0,0,0,0,0,0,0,0
837,0,0,0,0,0,0,0,100,100,0,0,0
838,0,0,0,0,0,0,0,0,0,0,0,100
839,0,0,0,0,0,0,0,0,0,0,0,100
840,0,0,0,0,0,0,0,0,0,0,0,100
841,0,0,0,0,0,0,0,0,0,0,0,100
842,0,0,0,0,0,0,0,0,0,0,0,0
843,0,0,0,0,0,0,0,0,0,0,0,0
844,0,0,0,0,0,0,0,0,0,0,0,100
845,0,0,0,0,0,0,0,0,0,0,0,100
846,0,0,0,0,0,0,0,0,0,0,0,100
847,0,0,0,0,0,0,0,0,0,0,0,100
848,0,0,0,0,0,0,0,0,0,0,0,0
849,0,0,0,0,0,0,0,0,0,0,0,0
850,0,0,0,0,0,0,0,0,0,0,0,100
851,0,0,0,0,0,0,0,0,0,0,0,0
852,0,0,0,0,0,0,0,0,0,0,0,0
853,0,0,0,0,0,0,0,0,0,0,0,0
854,0,0,0,0,0,0,0,0,0,0,0,0
855,0,0,0,0,0,0,0,0,0,0,0,0
856,0,0,0,0,0,0,0,0,0,0,0,0
857,0,0,0,0,0,0,0,0,0,0,0,100
858,0,0,0,0,0,0,0,100,100,0,0,0
859,0,0,0,0,0,0,0,0,0,0,0,100
860,0,0,0,0,0,0,0,0,0,0,0,0
861,0,0,0,0,0,0,0,0,0,0,0,100
862,0,0,0,0,0,100,100,0,0,100,100,100
863,0,0,0,0,0,0,0,0,0,0,0,100
864,0,0,100,0,0,0,0,0,0,0,0,0
865,0,0,0,0,0,0,0,0,0,0,0,0
866,0,0,0,0,0,0,0,0,0,0,0,0
867,0,0,0,0,0,0,0,100,100,0,0,0
868,0,0,0,0,0,0,0,0,0,0,0,100
869,0,0,0,0,0,0,0,0,0,0,0,0
870,0,0,0,0,0,0,0,0,0,0,0,100
871,0,0,0,0,0,0,0,0,0,0,0,0
872,0,0,0,0,0,0,0,0,0,0,0,100
873,0,0,0,0,0,0,0,0,0,0,0,100
874,0,0,0,0,0,100,100,0,0,100,100,0
875,0,0,0,0,0,0,0,0,0,0,0,0
876,0,0,0,0,0,0,0,0,0,0,0,0
877,0,0,0,0,0,0,0,0,0,0,0,100
878,0,0,0,0,0,0,0,0,0,0,0,100
879,0,0,0,0,0,0,0,0,0,0,0,100
880,0,0,0,0,0,0,0,0,0,0,0,100
881,0,0,0,0,0,0,0,0,0,0,0,0
882,0,0,0,0,0,0,0,0,0,0,0,100
883,0,0,0,0,0,0,0,0,0,0,0,100
884,0,0,0,0,0,0,0,0,0,0,0,0
885,0,0,0,0,0,0,0,0,0,0,0,100
886,0,0,0,0,0,0,0,0,0,0,0,100
887,0,0,0,0,0,0,0,0,0,0,0,100
888,0,0,0,0,0,0,0,0,0,0,0,100
889,0,0,0,0,0,0,0,0,0,0,0,100
890,0,0,0,0,0,0,0,0,0,0,0,100
891,0,0,100,0,0,0,0,0,0,0,0,100
892,0,0,0,0,0,0,0,0,0,0,0,100
893,0,0,0,0,0,0,0,0,0,0,0,100
894,0,0,0,0,0,0,0,100,100,0,0,100
895,0,0,0,0,0,0,0,0,0,0,0,100
896,0,0,100,0,0,0,0,0,0,0,0,0
897,0,0,0,0,0,0,0,0,0,0,0,0
898,0,0,0,0,0,0,0,0,0,0,0,100
899,0,0,0,0,0,0,0,0,0,0,0,0
900,0,0,0,0,0,0,0,0,0,0,0,100
901,0,0,0,0,0,0,0,0,0,0,0,100
902,0,0,0,0,0,0,0,0,0,0,0,100
903,0,0,0,0,0,100,100,0,0,100,100,0
904,0,0,0,0,0,0,0,0,0,0,0,100
905,0,0,0,0,0,0,0,0,0,0,0,0
906,0,0,0,100,100,0,0,0,0,0,0,100
907,0,0,0,0,0,0,0,100,100,0,0,0
908,0,0,0,0,0,0,0,0,0,0,0,0
909,0,0,0,0,0,0,0,0,0,0,0,100
910,0,0,0,0,0,0,0,0,0,0,0,100
911,0,0,0,0,0,0,0,0,0,0,0,0
912,0,0,0,0,0,0,0,0,0,0,0,0
913,0,0,0,0,0,0,0,0,0,0,0,100
914,0,0,0,0,0,0,0,0,0,0,0,0
915,0,0,0,0,0,0,0,0,0,0,0,100
916,0,0,0,0,0,0,0,0,0,0,0,0
917,0,0,0,0,0,0,0,0,0,0,0,0
918,0,0,0,0,0,0,0,0,0,0,0,0
919,0,0,100,0,0,0,0,0,0,0,0,0
920,0,0,0,0,0,0,0,0,0,0,0,0
921,0,0,0,100,100,0,0,0,0,0,0,0
922,0,0,0,0,0,0,0,0,0,0,0,0
923,0,0,0,0,0,0,0,0,0,0,0,100
924,0,0,0,0,0,0,0,0,0,0,0,0
925,0,0,0,0,0,0,0,0,0,0,0,100
926,0,0,0,0,0,0,0,0,0,0,0,0
927,0,0,0,0,0,0,0,0,0,0,0,0
928,0,0,0,0,0,0,0,0,0,0,0,100
929,0,0,0,0,0,0,0,0,0,0,0,0
930,0,0,0,0,0,0,0,0,0,0,0,0
931,0,0,0,0,0,0,0,0,0,0,0,0
932,0,0,0,0,0,0,0,0,0,0,0,100
933,0,0,0,0,0,0,0,0,0,0,0,0
934,0,0,0,0,0,0,0,0,0,0,0,100
935,0,0,0,0,0,0,0,0,0,0,0,100
936,0,0,0,0,0,0,0,0,0,0,0,100
937,0,0,0,0,0,0,0,0,0,0,0,100
938,0,0,0,0,0,0,0,0,0,0,0,100
939,0,0,0,0,0,0,0,0,0,0,0,0
940,0,0,0,0,0,0,0,0,0,0,0,0
941,0,0,0,0,0,0,0,0,0,0,0,100
942,0,0,0,0,0,0,0,0,0,0,0,0
943,0,0,100,0,0,0,0,0,0,0,0,100
944,0,0,0,0,0,0,0,0,0,0,0,0
945,0,0,0,0,0,0,0,0,0,0,0,100
946,0,0,0,0,0,0,0,0,0,0,0,0
947,0,0,0,0,0,0,0,0,0,0,0,100
948,0,0,0,100,100,0,0,0,0,0,0,0
949,0,0,0,0,0,0,0,0,0,0,0,0
950,0,0,0,0,0,0,0,0,0,0,0,100
951,0,0,0,0,0,0,0,0,0,0,0,0
952,0,0,0,0,0,0,0,0,0,0,0,0
953,0,0,0,0,0,0,0,0,0,0,0,0
954,0,0,0,0,0,0,0,0,0,0,0,100
955,0,0,0,100,100,0,0,0,0,0,0,0
956,0,0,0,0,0,0,0,0,0,0,0,0
957,0,0,0,0,0,0,0,0,0,0,0,0
958,0,0,0,0,0,0,0,0,0,0,0,100
959,0,0,0,0,0,0,0,0,0,0,0,100
960,0,0,0,0,0,0,0,0,0,0,0,0
961,0,0,0,0,0,0,0,0,0,0,0,0
962,0,0,0,0,0,0,0,0,0,0,0,100
963,0,0,0,0,0,0,0,0,0,0,0,0
964,0,0,0,0,0,0,0,0,0,0,0,100
965,0,0,0,0,0,0,0,0,0,0,0,0
966,0,0,0,0,0,0,0,0,0,0,0,100
967,0,0,0,0,0,0,0,0,0,0,0,0
968,0,0,0,0,0,0,0,0,0,0,0,0
969,0,0,0,0,0,0,0,0,0,0,0,100
970,0,0,0,0,0,0,0,0,0,0,0,100
971,0,0,0,0,0,0,0,0,0,0,0,100
972,0,0,0,0,0,100,100,0,0,0,100,100
973,0,0,0,0,0,0,0,0,0,0,0,100
974,0,0,0,0,0,0,0,0,0,0,0,0
975,0,0,0,0,0,0,0,0,0,0,0,0
976,0,0,0,0,0,0,0,0,0,0,0,0
977,0,0,0,0,0,0,0,0,0,0,0,0
978,0,0,0,0,0,0,0,0,0,0,0,0
979,0,0,0,0,0,0,0,0,0,0,0,0
980,0,0,0,0,0,0,0,0,0,0,0,100
981,0,0,100,0,0,0,0,0,0,0,0,0
982,0,0,0,0,0,0,0,0,0,0,0,0
983,0,0,0,0,0,0,0,0,0,0,0,0
984,0,100,0,0,0,0,0,0,0,0,0,100
985,0,0,0,0,0,100,100,0,0,0,100,0
986,0,0,0,0,0,0,0,0,0,0,0,0
987,0,0,0,0,0,0,0,0,0,0,0,100
988,0,0,0,0,0,0,0,0,0,0,0,0
989,0,0,0,0,0,0,0,0,0,0,0,0
990,0,0,0,0,0,0,0,0,0,0,0,100
991,0,0,0,0,0,0,0,0,0,0,0,0
992,0,0,0,0,0,0,0,0,0,0,0,0
993,0,0,0,0,0,0,0,0,0,0,0,0
994,0,0,0,0,0,0,0,0,0,0,0,100
995,0,0,0,0,0,0,0,100,100,0,0,100
996,0,0,0,0,0,0,0,0,0,0,0,0
997,0,0,0,0,0,0,0,0,0,0,0,100
998,0,0,0,0,0,0,0,0,0,0,0,0
999,0,0,100,0,0,0,0,0,0,0,0,100
1000,0,0,0,0,0,0,0,0,0,0,0,100
1001,0,0,0,0,0,0,0,0,0,0,0,100
1002,0,0,0,0,0,0,0,0,0,0,0,100
1003,0,0,0,0,0,0,0,0,0,0,0,100
1004,0,0,0,100,100,0,0,0,0,0,0,100
1005,0,0,0,0,0,0,0,0,0,0,0,100
1006,0,0,0,0,0,0,0,0,0,0,0,100
1007,0,0,0,0,0,0,0,0,0,0,0,100
1008,0,0,0,0,0,0,0,0,0,0,0,100
1009,0,0,0,0,0,0,0,0,0,0,0,100
1010,0,0,0,0,0,0,0,0,0,0,0,100
1011,0,0,0,0,0,0,0,0,0,0,0,100
1012,0,0,0,0,0,0,0,0,0,0,0,0
1013,0,0,0,0,0,0,0,0,0,0,0,0
1014,0,0,0,0,0,0,0,0,0,0,0,100
1015,0,0,0,0,0,0,0,0,0,0,0,0
1016,0,0,100,0,0,0,0,0,0,100,0,0
1017,0,0,0,0,0,0,0,0,0,0,0,100
1018,0,0,0,0,0,0,0,0,0,0,0,100
1019,0,0,0,0,0,0,0,0,0,0,0,0
1020,0,0,0,0,0,0,0,0,0,0,0,0
1021,0,0,0,0,0,0,0,0,0,0,0,100
1022,0,0,0,0,0,0,0,0,0,0,0,100
1023,100,0,0,0,0,0,0,0,0,0,0,0
1024,0,0,0,0,0,0,0,0,0,0,0,0
1025,0,0,0,0,0,0,0,0,0,0,0,100
1026,0,0,0,0,0,0,0,100,100,0,0,100
1027,0,0,0,0,0,0,0,0,0,0,0,0
1028,0,0,0,0,0,0,0,0,0,0,0,100
1029,0,0,0,0,0,0,0,0,0,0,0,100
1030,0,0,0,0,0,0,0,0,0,0,0,0
1031,0,0,0,0,0,0,0,0,0,0,0,0
1032,0,0,0,0,0,0,0,0,0,0,0,0
1033,0,0,0,0,0,0,0,0,0,0,0,100
1034,0,0,0,0,0,0,0,0,0,0,0,100
1035,0,0,0,0,0,0,0,0,0,0,0,100
1036,0,0,0,0,0,0,0,0,0,0,0,0
1037,0,0,0,0,0,0,0,0,0,0,0,100
1038,0,0,0,0,0,0,0,0,0,0,0,0
1039,0,0,0,0,0,0,0,0,0,0,0,0
1040,0,0,0,0,0,0,100,0,0,0,100,100
1041,0,0,0,0,0,0,0,0,0,0,0,0
1042,0,0,0,100,100,0,0,0,0,0,0,100
1043,0,0,0,0,0,0,0,0,0,0,0,0
1044,0,0,0,0,0,0,0,0,0,0,0,100
1045,0,0,0,0,0,0,0,0,0,0,0,0
1046,0,0,0,0,0,0,0,0,0,0,0,0
1047,100,0,0,0,0,0,0,0,0,0,0,0
1048,0,0,0,100,100,0,0,0,0,0,0,100
1049,0,0,0,0,0,0,0,100,100,0,0,100
1050,0,0,0,0,0,0,0,0,0,0,0,100
1051,0,0,0,0,0,0,0,0,0,0,0,100
1052,0,0,0,0,0,0,0,0,0,0,0,100
1053,0,0,0,0,0,0,0,0,0,0,0,100
1054,0,0,0,0,0,0,0,0,0,0,0,0
1055,0,0,0,0,0,0,0,0,0,0,0,100
1056,0,0,0,0,0,0,0,0,0,0,0,100
1057,0,0,0,0,0,0,0,0,0,0,0,100
1058,0,0,0,0,0,0,0,0,0,0,0,100
1059,0,0,0,0,0,0,0,0,0,0,0,100
1060,0,0,0,0,0,0,0,0,0,0,0,100
1061,0,0,0,0,0,0,0,0,0,0,0,0
1062,0,0,0,0,0,0,0,0,0,0,0,100
1063,0,0,0,0,0,0,0,0,0,0,0,0
1064,0,0,0,0,0,0,0,0,0,0,0,0
1065,0,0,0,0,0,0,0,0,0,0,0,100
1066,0,0,0,0,0,0,0,0,0,0,0,100
1067,0,0,0,0,0,0,0,0,0,0,0,0
1068,0,0,0,0,0,0,0,0,0,0,0,0
1069,0,0,0,0,0,0,0,0,0,0,0,100
1070,0,0,0,100,100,0,0,0,0,0,0,100
1071,0,0,0,0,0,0,0,0,0,0,0,0
1072,0,0,0,0,0,0,0,0,0,0,0,100
1073,0,0,0,0,0,0,0,0,0,0,0,0
1074,0,0,0,0,0,0,0,0,0,0,0,100
1075,0,0,0,0,0,0,0,0,0,0,0,100
1076,0,0,0,0,0,0,0,0,0,0,0,0
1077,0,0,100,0,0,0,0,100,100,0,0,0
1078,0,0,0,0,0,0,0,0,0,0,0,100
1079,0,0,0,0,0,0,0,0,0,0,0,0
1080,0,0,0,0,0,0,0,0,0,0,0,100
1081,0,0,0,0,0,0,0,0,0,0,0,100
1082,0,0,0,0,0,0,0,0,0,0,0,0
1083,0,0,0,0,0,0,0,0,0,0,0,0
1084,0,0,0,0,0,0,0,0,0,0,0,100
1085,0,0,0,0,0,0,0,0,0,0,0,100
1086,0,0,0,0,0,0,0,0,0,0,0,100
1087,0,0,0,0,0,0,0,0,0,0,0,100
1088,0,0,0,0,0,0,0,0,0,0,0,0
1089,0,0,100,0,0,0,0,0,0,0,100,0
1090,0,0,0,0,0,0,0,0,0,0,0,0
1091,0,0,0,0,0,0,0,0,0,0,0,100
1092,0,0,0,0,0,0,0,0,0,0,0,100
1093,0,0,0,0,0,0,0,0,0,0,0,100
1094,0,0,0,0,0,0,0,0,0,0,0,100
1095,0,0,0,0,0,0,0,0,0,0,0,0
1096,0,0,0,0,0,0,0,0,0,0,0,0
1097,0,0,0,0,0,0,0,0,0,0,0,0
1098,100,0,0,0,0,0,0,0,0,0,0,100
1099,0,0,0,0,0,0,0,0,0,0,0,0
1100,0,0,0,0,0,0,0,0,0,0,0,0
1101,0,0,0,100,100,0,0,0,0,0,0,0
1102,0,0,0,0,0,0,0,0,0,0,0,0
1103,0,0,0,0,0,0,0,0,0,0,0,100
1104,0,0,0,0,0,0,0,0,0,0,0,0
1105,0,0,0,0,0,0,0,0,0,0,0,0
1106,0,0,0,100,100,0,0,0,0,0,0,100
1107,0,0,0,0,0,0,0,0,0,0,0,100
1108,0,0,0,0,0,0,0,0,0,0,0,100
1109,0,0,0,0,0,0,0,0,0,0,0,100
1110,0,0,0,0,0,0,0,0,0,0,0,0
1111,0,0,0,0,0,0,0,0,0,0,0,0
1112,0,0,0,0,0,0,0,0,0,0,0,100
1113,0,0,0,0,0,0,0,0,0,0,0,0
1114,0,0,0,0,0,0,0,100,100,0,0,100
1115,0,0,0,0,0,0,0,0,0,0,0,0
1116,0,0,0,0,0,0,0,0,0,0,0,0
1117,0,0,0,0,0,0,0,0,0,0,0,0
1118,0,0,0,0,0,0,0,0,0,0,0,100
1119,0,0,0,0,0,0,0,0,0,0,0,0
1120,0,0,0,0,0,0,0,0,0,0,0,100
1121,0,0,0,0,0,0,0,0,0,0,0,100
1122,0,0,0,0,0,0,100,0,0,0,0,100
1123,0,0,100,0,0,0,0,0,0,0,0,100
1124,0,0,0,0,0,0,0,0,0,0,0,100
1125,0,0,0,0,0,0,0,0,0,0,0,100
1126,0,0,0,0,0,0,0,0,0,0,0,100
1127,0,0,0,0,0,0,0,0,0,0,0,0
1128,0,0,0,100,100,0,0,0,0,0,0,100
1129,0,0,0,0,0,0,0,100,100,0,0,100
1130,0,0,0,0,0,0,0,0,0,0,0,100
1131,0,0,0,0,0,0,0,0,0,0,0,100
1132,0,0,0,0,0,0,0,0,0,0,0,0
1133,0,0,0,0,0,0,0,0,0,0,0,100
1134,0,0,0,0,0,0,0,0,0,0,0,0
1135,0,0,0,0,0,0,0,0,0,0,0,0
1136,0,0,0,0,0,0,0,0,0,0,0,0
1137,0,0,0,0,0,0,0,0,0,0,0,100
1138,0,0,0,0,0,0,0,0,0,0,0,100
1139,0,0,0,0,0,0,0,0,0,0,0,0
1140,0,0,100,0,0,0,0,0,0,100,100,100
1141,100,0,0,0,0,0,0,0,0,0,0,0
1142,0,0,0,0,0,0,0,0,0,0,0,0
1143,0,0,0,0,0,0,0,0,0,0,0,100
1144,0,0,0,0,0,0,0,0,0,0,0,0
1145,0,0,0,0,0,0,0,0,0,0,0,100
1146,0,0,0,0,0,0,0,0,0,0,0,0
1147,0,0,0,0,0,0,0,0,0,0,0,100
1148,0,0,0,0,0,0,0,0,0,0,0,100
1149,0,0,0,0,0,0,0,0,0,0,0,100
1150,0,0,0,0,0,0,0,0,0,0,0,0
1151,0,0,0,0,0,0,0,0,0,0,0,100
1152,0,0,0,0,0,0,0,0,0,0,0,0
1153,0,0,0,0,0,0,0,0,0,0,0,100
1154,0,0,0,0,0,0,0,0,0,0,0,100
1155,0,0,0,100,100,0,0,0,0,0,0,100
1156,0,0,0,0,0,0,0,0,0,0,0,0
1157,0,0,0,0,0,0,0,0,0,0,0,100
1158,0,0,0,0,0,0,0,0,0,0,0,100
1159,0,0,0,0,0,0,0,0,0,0,0,0
1160,0,0,0,0,0,0,0,0,0,0,0,0
1161,0,0,0,0,0,0,0,100,100,0,0,0
1162,0,0,0,100,100,0,0,0,0,0,0,100
1163,0,0,0,0,0,0,0,0,0,0,0,0
1164,0,0,0,0,0,0,0,0,0,0,0,100
1165,0,0,100,0,0,100,100,0,0,100,100,0
1166,0,0,0,0,0,0,0,0,0,0,0,100
1167,0,0,0,0,0,0,0,0,0,0,0,0
1168,0,0,0,0,0,0,0,0,0,0,0,100
1169,0,0,0,0,0,0,0,0,0,0,0,0
1170,0,0,0,0,0,0,0,0,0,0,0,100
1171,0,0,0,0,0,0,0,0,0,0,0,0
1172,0,0,0,0,0,0,0,0,0,0,0,100
1173,0,0,0,0,0,0,0,0,0,0,0,0
1174,0,0,0,0,0,0,0,100,100,0,0,100
1175,0,0,0,0,0,0,0,0,0,0,0,0
1176,0,0,0,0,0,0,0,0,0,0,0,100
1177,0,0,100,0,0,100,100,0,0,100,100,100
1178,0,0,0,0,0,0,0,0,0,0,0,100
1179,0,0,0,0,0,0,0,0,0,0,0,0
1180,0,0,0,0,0,0,0,0,0,0,0,100
1181,0,0,0,100,100,0,0,0,0,0,0,100
1182,0,0,0,0,0,0,0,0,0,0,0,100
1183,0,0,0,0,0,0,0,0,0,0,0,0
1184,0,0,0,0,0,0,0,0,0,0,0,100
1185,0,0,0,0,0,0,0,0,0,0,0,100
1186,0,0,0,0,0,0,0,100,100,0,0,100
1187,0,0,0,0,0,0,0,0,0,0,0,0
1188,0,0,0,0,0,0,0,0,0,0,0,0
1189,0,0,0,0,0,0,0,0,0,0,0,100
1190,0,0,0,0,0,0,0,0,0,0,0,100
1191,0,0,0,0,0,0,0,0,0,0,0,0
1192,0,0,0,0,0,0,0,0,0,0,0,0
1193,0,0,0,0,0,0,0,0,0,0,0,100
1194,0,0,0,0,0,0,0,0,0,0,0,0
1195,0,0,0,0,0,0,0,0,0,0,0,100
1196,0,0,0,0,0,0,0,0,0,0,0,100
1197,0,0,0,0,0,0,0,0,0,0,0,100
1198,0,0,0,0,0,0,0,0,0,0,0,0
1199,0,0,0,0,0,0,0,0,0,0,0,100
1200,0,0,0,0,0,0,0,0,0,0,0,100
1201,0,0,0,0,0,0,0,0,0,0,0,100
1202,0,0,0,0,0,0,0,0,0,0,0,100
1203,0,0,0,0,0,0,0,0,0,0,0,0
1204,0,0,0,0,0,0,0,0,0,0,0,0
1205,0,0,0,0,0,0,0,0,0,0,0,0
1206,0,0,0,0,0,0,0,0,0,0,0,100
1207,0,0,0,0,0,0,0,0,0,0,0,0
1208,0,0,0,0,0,0,0,0,0,0,0,100
1209,0,0,0,0,0,0,0,0,0,0,0,0
1210,0,0,0,0,0,0,0,0,0,0,0,100
1211,0,0,0,0,0,0,0,0,0,0,0,100
1212,0,0,0,0,0,0,0,0,0,0,0,100
1213,0,0,0,0,0,0,0,0,0,0,0,0
1214,0,0,0,0,0,0,0,0,0,0,0,100
1215,0,0,0,0,0,0,0,100,100,0,0,0
1216,0,0,0,0,0,0,0,100,100,0,0,100
1217,0,0,0,0,0,0,0,0,0,0,0,0
1218,0,0,0,0,0,0,0,0,0,0,0,0
1219,0,0,0,0,0,0,0,0,0,0,0,100
1220,0,0,0,0,0,0,0,0,0,0,0,0
1221,0,0,0,0,0,0,0,0,0,0,0,0
1222,0,0,0,0,0,0,0,0,0,0,0,100
1223,0,0,0,0,0,0,0,0,0,0,0,100
1224,0,0,0,0,0,0,0,0,0,0,0,100
1225,0,0,0,0,0,0,0,0,0,0,0,100
1226,0,0,0,0,0,0,0,0,0,0,0,100
1227,0,0,0,0,0,0,0,0,0,0,0,0
1228,0,0,0,0,0,0,0,0,0,0,0,0
1229,0,0,0,0,0,0,0,0,0,0,0,100
1230,0,0,0,0,0,0,0,0,0,0,0,100
1231,0,0,0,0,0,0,0,0,0,0,0,100
1232,0,0,0,0,0,0,0,0,0,0,0,0
1233,0,0,100,0,0,100,100,100,100,100,100,0
1234,0,0,0,0,0,0,0,0,0,0,0,100
1235,0,0,0,0,0,0,0,0,0,0,0,0
1236,0,0,0,0,0,0,0,0,0,0,0,0
1237,0,0,0,0,0,0,0,0,0,0,0,0
1238,0,0,0,0,0,0,0,0,0,0,0,100
1239,0,0,0,0,0,0,0,0,0,0,0,0
1240,0,0,0,0,0,0,0,100,100,0,0,100
1241,0,0,0,100,100,0,0,0,0,0,0,100
1242,0,0,0,0,0,0,0,0,0,0,0,100
1243,0,0,0,0,0,0,0,0,0,0,0,100
1244,0,0,0,0,0,0,0,0,0,0,0,0
1245,0,0,0,0,0,0,0,0,0,0,0,100
1246,0,0,0,0,0,0,0,0,0,0,0,100
1247,0,0,0,0,0,0,0,0,0,0,0,100
1248,0,0,0,0,0,0,0,0,0,0,0,0
1249,0,0,0,0,0,0,0,100,100,0,0,100
1250,0,0,0,0,0,0,0,0,0,0,0,100
1251,0,0,0,0,0,0,0,0,0,0,0,0
1252,0,0,0,0,0,0,0,0,0,0,0,0
1253,0,0,0,100,100,0,0,0,0,0,0,0
1254,0,0,0,0,0,0,0,0,0,0,0,0
1255,0,0,0,0,0,0,0,0,0,0,0,100
1256,0,0,0,0,0,0,0,0,0,0,0,100
1257,0,0,0,0,0,0,0,0,0,0,0,0
1258,0,0,0,0,0,0,0,0,0,0,0,0
1259,0,0,0,0,0,0,0,0,0,0,0,0
1260,0,0,0,0,0,0,0,0,0,0,0,0
1261,0,0,0,100,100,0,0,0,0,0,0,0
1262,0,0,0,0,0,0,0,0,0,0,0,100
1263,0,0,0,0,0,0,0,0,0,0,0,100
1264,0,0,0,0,0,0,0,0,0,0,0,100
1265,0,0,0,0,0,0,0,0,0,0,0,0
1266,0,0,0,0,0,0,0,100,100,0,0,100
1267,0,0,0,0,0,0,0,0,0,0,0,0
1268,0,0,0,0,0,0,0,0,0,0,0,100
1269,0,0,0,0,0,0,0,0,0,0,0,100
1270,0,0,0,0,0,0,0,0,0,0,0,0
1271,0,0,0,0,0,0,0,0,0,0,0,100
1272,0,0,0,0,0,0,0,0,0,0,0,100
1273,0,0,0,0,0,0,0,0,0,0,0,100
1274,0,0,0,0,0,0,0,0,0,0,0,0
1275,0,0,0,0,0,0,0,0,0,0,0,0
1276,0,0,0,0,0,0,0,0,0,0,0,0
1277,0,0,0,0,0,0,0,0,0,0,0,100
1278,0,0,0,0,0,0,0,0,0,0,0,0
1279,0,0,0,100,100,0,0,0,0,0,0,100
1280,0,0,0,0,0,0,0,0,0,0,0,100
1281,0,0,0,0,0,0,0,0,0,0,0,100
1282,0,0,0,0,0,0,0,0,0,0,0,100
1283,0,0,0,0,0,0,0,0,0,0,0,0
1284,0,0,0,0,0,0,0,0,0,0,0,0
1285,0,0,0,0,0,0,0,0,0,0,0,0
1286,0,0,0,0,0,0,0,0,0,0,0,100
1287,0,0,0,0,0,0,0,0,0,0,0,0
1288,0,0,0,0,0,0,0,0,0,0,0,0
1289,0,0,0,0,0,0,0,0,0,0,0,100
1290,0,0,0,0,0,0,0,0,0,0,0,0
1291,0,0,0,0,0,0,0,0,0,0,0,100
1292,100,0,0,0,0,0,0,0,0,0,0,0
1293,0,0,0,0,0,0,0,0,0,0,0,0
1294,0,0,0,0,0,0,0,0,0,0,0,0
1295,0,0,0,0,0,0,0,0,0,0,0,0
1296,0,0,0,0,0,0,0,0,0,0,0,100
1297,0,0,0,0,0,0,0,0,0,0,0,0
1298,0,0,0,0,0,0,0,0,0,0,0,0
1299,0,0,0,0,0,0,0,0,0,0,0,0
1300,0,0,0,0,0,0,0,0,0,0,0,100
1301,0,0,0,100,100,0,0,0,0,0,0,100
1302,0,0,0,0,0,0,0,0,0,0,0,100
1303,0,0,0,0,0,0,0,0,0,0,0,0
1304,0,0,0,0,0,0,0,0,0,0,0,100
1305,100,0,0,0,0,0,0,0,0,0,0,0
1306,0,0,0,0,0,0,0,0,0,0,0,100
1307,0,0,0,0,0,0,0,0,0,0,0,0
1308,0,0,0,0,0,0,0,100,100,0,0,0
1309,0,0,0,0,0,0,0,0,0,0,0,0
1310,0,0,0,0,0,0,0,0,0,0,0,0
1311,0,0,0,0,0,0,0,0,0,0,0,0
1312,0,0,0,0,0,0,0,0,0,0,0,0
1313,0,0,0,0,0,0,0,0,0,0,0,100
1314,0,0,0,0,0,0,0,0,0,0,0,100
1315,0,0,0,0,0,0,0,0,0,0,0,100
1316,0,0,0,0,0,0,0,0,0,0,0,100
1317,0,0,0,0,0,0,0,0,0,0,0,100
1318,0,0,0,0,0,0,0,0,0,0,0,100
1319,0,0,0,0,0,0,0,0,0,0,0,0
1320,0,0,0,0,0,0,0,0,0,0,0,100
1321,0,0,0,0,0,0,0,0,0,0,0,100
1322,0,0,0,0,0,0,0,0,0,0,0,100
1323,0,0,0,0,0,0,0,0,0,0,0,0
1324,0,0,0,0,0,0,0,0,0,0,0,0
1325,0,0,0,0,0,0,0,0,0,0,0,100
1326,0,0,0,0,0,0,0,0,0,0,0,0
1327,0,0,0,0,0,0,0,0,0,0,0,0
1328,0,0,0,0,0,0,0,0,0,0,0,0
1329,0,0,0,100,100,0,0,0,0,0,0,100
1330,0,0,0,0,0,0,0,100,100,0,0,100
1331,0,0,0,0,0,0,0,0,0,0,0,0
1332,0,0,0,0,0,0,0,0,0,0,0,0
1333,0,0,0,0,0,0,0,0,0,0,0,0
1334,0,0,0,0,0,0,0,0,0,0,0,0
1335,0,0,0,0,0,0,0,0,0,0,0,0
1336,0,0,0,0,0,0,0,0,0,0,0,100
1337,0,0,0,0,0,0,0,0,0,0,0,100
1338,0,0,0,0,0,0,0,0,0,0,0,0
1339,0,0,100,0,0,0,0,100,100,0,100,100
1340,0,0,0,0,0,0,0,0,0,0,0,100
1341,0,0,0,0,0,0,0,0,0,0,0,100
1342,0,0,0,0,0,0,0,0,0,0,0,0
1343,0,0,0,0,0,0,0,0,0,0,0,100
1344,0,0,0,0,0,0,0,0,0,0,0,100
1345,0,0,0,0,0,0,0,0,0,0,0,0
1346,0,0,0,0,0,0,0,0,0,0,0,100
1347,0,0,0,0,0,0,0,0,0,0,0,100
1348,0,0,0,0,0,0,0,0,0,0,0,0
1349,0,0,0,0,0,0,0,0,0,0,0,0
1350,0,0,0,0,0,0,0,0,0,0,0,100
1351,0,0,0,0,0,0,0,0,0,0,0,0
1352,0,0,0,0,0,0,0,0,0,0,0,100
1353,0,0,0,0,0,0,0,0,0,0,0,0
1354,0,0,0,0,0,0,0,0,0,0,0,100
1355,0,0,0,0,0,0,0,0,0,0,0,100
1356,0,0,0,0,0,0,0,0,0,0,0,100
1357,0,0,0,0,0,0,0,0,0,0,0,100
1358,0,0,0,0,0,0,0,0,0,0,0,100
1359,0,0,0,0,0,0,0,0,0,0,0,100
1360,0,0,0,0,0,0,0,0,0,0,0,100
1361,0,0,0,0,0,0,0,0,0,0,0,0
1362,0,0,0,0,0,0,0,0,0,0,0,0
1363,0,0,0,0,0,0,0,0,0,0,0,100
1364,0,0,0,100,100,0,0,0,0,0,0,0
1365,0,0,0,0,0,0,0,0,0,0,0,100
1366,0,0,0,0,0,0,0,0,0,0,0,100
1367,0,0,100,0,0,0,100,0,0,0,100,100
1368,0,0,0,0,0,0,0,0,0,0,0,100
1369,100,0,0,0,0,0,0,0,0,0,0,100
1370,0,0,0,0,0,0,0,0,0,0,0,100
1371,0,0,0,0,0,0,0,0,0,0,0,0
1372,0,0,0,0,0,0,0,0,0,0,0,100
1373,0,0,0,0,0,0,0,0,0,0,0,100
1374,0,0,0,0,0,0,0,0,0,0,0,100
1375,0,0,0,0,0,0,0,0,0,0,0,0
1376,0,0,0,0,0,0,0,0,0,0,0,0
1377,0,0,0,0,0,0,0,0,0,0,0,0
1378,0,0,0,0,0,0,0,0,0,0,0,0
1379,0,0,0,0,0,0,0,0,0,0,0,0
1380,0,0,0,0,0,0,0,0,0,0,0,100
1381,0,0,0,0,0,0,0,0,0,0,0,0
1382,0,0,0,0,0,0,0,0,0,0,0,0
1383,0,0,0,0,0,0,0,0,0,0,0,0
1384,0,0,0,0,0,0,0,0,0,0,0,0
1385,0,0,0,0,0,0,0,0,0,0,0,0
1386,0,0,0,0,0,0,0,0,0,0,0,0
1387,0,0,0,0,0,0,0,100,100,0,0,0
1388,0,0,0,0,0,0,0,0,0,0,0,100
1389,0,0,0,0,0,0,0,0,0,0,0,0
1390,0,0,0,0,0,0,0,0,0,0,0,100
1391,0,0,0,0,0,0,0,0,0,0,0,0
1392,0,0,0,0,0,0,0,0,0,0,0,0
1393,0,0,0,0,0,0,0,0,0,0,0,100
1394,0,0,100,0,0,0,100,0,0,0,0,100
1395,0,0,0,0,0,0,0,0,0,0,0,100
1396,0,0,0,0,0,0,0,0,0,0,0,100
1397,0,0,0,0,0,0,0,0,0,0,0,0
1398,0,0,0,0,0,0,0,0,0,0,0,0
1399,100,0,0,0,0,0,0,0,0,0,0,100
1400,0,0,0,0,0,0,0,0,0,0,0,100
1401,0,0,0,0,0,0,0,0,0,0,0,0
1402,0,0,0,0,0,0,0,0,0,0,0,100
1403,0,0,100,0,0,100,100,100,100,0,100,100
1404,0,0,0,0,0,0,0,0,0,0,0,100
1405,0,0,0,100,100,0,0,0,0,0,0,100
1406,0,0,0,0,0,0,0,100,100,0,0,100
1407,0,0,0,0,0,0,0,0,0,0,0,100
1408,0,0,0,0,0,0,0,0,0,0,0,100
1409,0,0,0,0,0,0,0,0,0,0,0,0
1410,0,0,0,0,0,0,0,0,0,0,0,100
1411,0,0,0,0,0,0,0,0,0,0,0,0
1412,0,0,0,0,0,0,0,0,0,0,0,100
1413,0,0,0,0,0,0,0,0,0,0,0,0
1414,0,0,0,0,0,0,0,0,0,0,0,0
1415,0,0,0,0,0,0,0,0,0,0,0,0
1416,0,0,0,0,0,0,0,0,0,0,0,100
1417,0,0,0,0,0,0,0,0,0,0,0,100
1418,0,0,0,0,0,0,0,0,0,0,0,100
1419,0,0,0,0,0,0,0,100,100,0,0,0
1420,0,0,0,0,0,0,0,0,0,0,0,100
1421,0,0,0,0,0,0,0,0,0,0,0,0
1422,0,0,0,0,0,0,0,0,0,0,0,100
1423,0,0,0,0,0,0,0,0,0,0,0,0
1424,0,0,0,0,0,0,0,0,0,0,0,100
1425,0,0,0,0,0,0,0,0,0,0,0,0
1426,0,0,0,0,0,0,0,0,0,0,0,0
1427,0,0,0,0,0,0,0,0,0,0,0,100
1428,0,0,0,0,0,0,0,0,0,0,0,0
1429,0,0,0,0,0,0,0,0,0,0,0,0
1430,0,0,0,100,100,0,0,0,0,0,0,100
1431,0,0,0,0,0,0,0,0,0,0,0,100
1432,0,0,0,0,0,0,0,0,0,0,0,100
1433,0,0,0,0,0,0,0,0,0,0,0,100
1434,0,0,0,0,0,0,0,0,0,0,0,100
1435,0,0,0,0,0,0,0,0,0,0,0,100
1436,0,0,0,0,0,0,0,0,0,0,0,100
1437,0,0,0,0,0,0,0,0,0,0,0,100
1438,0,0,0,0,0,0,0,0,0,0,0,0
1439,0,0,0,0,0,0,0,0,0,0,0,100
1440,0,0,0,0,0,0,0,0,0,0,0,0
1441,0,0,0,0,0,0,0,0,0,0,0,100
1442,0,0,0,0,0,0,0,0,0,0,0,100
1443,0,0,0,0,0,0,0,0,0,0,0,100
1444,0,0,0,0,0,0,0,0,0,0,0,0
1445,0,0,0,0,0,0,0,0,0,0,0,0
1446,0,0,0,0,0,0,0,0,0,0,0,100
1447,0,0,0,0,0,0,0,0,0,0,0,0
1448,0,0,0,0,0,0,0,0,0,0,0,0
1449,0,0,0,0,0,0,0,0,0,0,0,100
1450,0,0,0,0,0,0,0,0,0,0,0,0
1451,0,0,0,0,0,0,0,0,0,0,0,0
1452,0,0,0,0,0,0,0,0,0,0,0,0
1453,0,0,0,0,0,0,0,0,0,0,0,0
1454,0,0,0,0,0,0,0,0,0,0,0,100
1455,0,0,0,0,0,0,0,0,0,0,0,0
1456,0,0,0,100,100,0,0,0,0,0,0,0
1457,0,0,0,0,0,0,0,100,100,0,0,100
1458,0,0,0,0,0,0,0,0,0,0,0,0
1459,0,0,0,0,0,0,0,0,0,0,0,100
1460,0,0,0,0,0,0,0,0,0,0,0,0
1461,0,0,0,0,0,0,0,0,0,0,0,100
1462,0,0,0,0,0,0,0,0,0,0,0,100
1463,0,0,0,100,100,0,0,0,0,0,0,100
1464,0,0,0,0,0,0,0,0,0,0,0,0
1465,0,0,0,0,0,0,0,0,0,0,0,0
1466,0,0,0,0,0,0,0,0,0,0,0,0
1467,0,0,0,0,0,0,0,0,0,0,0,100
1468,0,0,0,0,0,0,0,0,0,0,0,100
1469,0,0,0,0,0,0,0,0,0,0,0,0
1470,0,0,0,0,0,0,0,0,0,0,0,100
1471,0,0,0,0,0,0,0,0,0,0,0,100
1472,0,0,0,0,0,0,0,0,0,0,0,100
1473,0,0,0,0,0,0,0,0,0,0,0,0
1474,0,0,0,0,0,0,0,0,0,0,0,100
1475,0,0,0,0,0,0,0,0,0,0,0,100
1476,0,0,0,0,0,0,0,0,0,0,0,100
1477,0,0,0,0,0,0,0,0,0,0,0,0
1478,0,0,0,0,0,0,0,0,0,0,0,100
1479,0,0,0,0,0,0,0,0,0,0,0,100
1480,0,0,0,0,0,0,0,0,0,0,0,0
1481,0,0,0,0,0,0,0,0,0,0,0,0
1482,0,0,0,0,0,0,0,0,0,0,0,100
1483,0,0,0,0,0,0,0,0,0,0,0,100
1484,0,0,0,0,0,0,0,0,0,0,0,0
1485,0,0,0,0,0,0,0,0,0,0,0,100
1486,0,0,0,0,0,0,0,0,0,0,0,100
1487,0,0,0,0,0,0,0,0,0,0,0,100
1488,0,0,0,0,0,0,0,0,0,0,0,0
1489,0,0,0,0,0,0,0,100,100,0,0,0
1490,0,0,0,0,0,0,0,0,0,0,0,100
1491,0,0,0,0,0,0,0,0,0,0,0,100
1492,0,0,0,0,0,0,0,0,0,0,0,100
1493,0,0,0,0,0,0,0,100,100,0,0,0
1494,0,0,0,0,0,0,0,0,0,0,0,100
1495,0,0,0,0,0,0,0,0,0,0,0,100
1496,0,0,0,0,0,0,0,0,0,0,0,0
1497,0,0,0,0,0,0,0,0,0,0,0,100
1498,0,0,0,0,0,0,0,0,0,0,0,100
1499,0,0,0,0,0,0,0,0,0,0,0,100
1500,0,0,0,0,0,0,0,0,0,0,0,100
1501,0,0,0,0,0,0,0,0,0,0,0,0
1502,0,0,0,0,0,0,0,0,0,0,0,100
1503,0,0,0,0,0,0,0,0,0,0,0,100
1504,0,0,0,100,100,0,0,0,0,0,0,0
1505,0,0,0,0,0,0,0,0,0,0,0,0
1506,0,0,0,0,0,0,0,0,0,0,0,0
1507,0,0,0,0,0,0,0,0,0,0,0,100
1508,0,0,0,0,0,0,0,100,100,0,0,100
1509,0,0,0,0,0,0,0,100,100,0,0,100
1510,0,0,0,0,0,0,0,0,0,0,0,0
1511,0,0,0,0,0,0,0,0,0,0,0,100
1512,0,0,0,0,0,0,0,0,0,0,0,100
1513,0,0,0,0,0,0,0,0,0,0,0,0
1514,0,0,0,0,0,0,0,0,0,0,0,0
1515,0,0,0,0,0,0,0,0,0,0,0,100
1516,0,0,0,0,0,0,0,0,0,0,0,100
1517,0,0,0,0,0,0,0,0,0,0,0,0
1518,0,0,0,0,0,0,0,0,0,0,0,0
1519,0,0,0,0,0,0,0,0,0,0,0,100
1520,0,0,0,0,0,0,0,0,0,0,0,0
1521,0,0,0,100,100,0,0,0,0,0,0,100
1522,0,0,0,0,0,0,0,0,0,0,0,0
1523,0,0,0,0,0,0,0,0,0,0,0,100
1524,0,0,0,0,0,0,0,0,0,0,0,0
1525,0,0,0,0,0,0,0,0,0,0,0,100
1526,0,0,0,0,0,0,0,0,0,0,0,0
1527,0,0,0,100,100,0,0,0,0,0,0,0
1528,0,0,0,0,0,0,0,0,0,0,0,100
1529,0,0,0,0,0,0,0,0,0,0,0,100
1530,0,0,0,0,0,0,0,0,0,0,0,100
1531,0,0,0,0,0,0,0,0,0,0,0,100
1532,0,0,0,0,0,0,0,0,0,0,0,100
1533,0,0,0,0,0,0,0,0,0,0,0,0
1534,0,0,0,0,0,0,0,0,0,0,0,100
1535,0,0,0,0,0,0,0,0,0,0,0,100
1536,0,0,0,0,0,0,0,0,0,0,0,0
1537,0,0,0,0,0,0,0,0,0,0,0,100
1538,0,0,0,0,0,0,0,0,0,0,0,0
1539,0,0,0,0,0,0,0,0,0,0,0,100
1540,0,0,0,0,0,0,0,0,0,0,0,0
1541,0,0,0,100,100,0,0,0,0,0,0,0
1542,0,0,0,0,0,0,0,0,0,0,0,100
1543,0,0,0,0,0,0,0,0,0,0,0,100
1544,0,0,0,0,0,0,0,0,0,0,0,0
1545,0,0,0,100,100,0,0,0,0,0,0,0
1546,0,0,0,0,0,0,0,0,0,0,0,100
1547,0,0,0,0,0,0,0,0,0,0,0,0
1548,0,0,0,0,0,0,0,0,0,0,0,100
1549,0,0,0,0,0,0,0,0,0,0,0,100
1550,0,0,0,0,0,0,0,0,0,0,0,0
1551,0,0,0,0,0,0,0,0,0,0,0,100
1552,0,0,0,0,0,0,0,0,0,0,0,100
1553,0,0,0,0,0,0,0,0,0,0,0,100
1554,0,0,0,0,0,0,0,0,0,0,0,100
1555,0,0,100,0,0,0,100,0,0,0,0,100
1556,0,0,0,0,0,0,0,0,0,0,0,0
1557,0,0,0,0,0,0,0,0,0,0,0,0
1558,0,0,0,0,0,0,0,0,0,0,0,100
1559,0,0,0,0,0,0,0,0,0,0,0,100
1560,0,0,0,0,0,0,0,0,0,0,0,100
1561,0,0,0,0,0,0,0,0,0,0,0,0
1562,0,0,0,0,0,0,0,0,0,0,0,100
1563,0,0,0,0,0,0,0,0,0,0,0,100
1564,0,0,0,0,0,0,0,0,0,0,0,100
1565,0,0,0,0,0,0,0,0,0,0,0,0
1566,0,0,0,0,0,0,0,0,0,0,0,0
1567,0,0,0,0,0,0,0,0,0,0,0,0
1568,0,0,0,0,0,0,0,0,0,0,0,100
1569,0,0,0,0,0,0,0,0,0,0,0,100
1570,0,0,0,0,0,0,0,0,0,0,0,100
1571,0,0,0,0,0,0,0,0,0,0,0,0
1572,0,0,0,0,0,0,0,0,0,0,0,0
1573,0,0,0,0,0,0,0,0,0,0,0,100
1574,0,0,0,0,0,0,0,0,0,0,0,0
1575,0,0,0,0,0,0,0,0,0,0,0,0
1576,0,0,0,0,0,0,0,0,0,0,0,100
1577,0,0,0,0,0,0,0,0,0,0,0,100
1578,0,0,0,0,0,0,0,0,0,0,0,0
1579,0,0,0,0,0,0,0,0,0,0,0,100
1580,0,0,0,0,0,0,0,0,0,0,0,100
1581,0,0,0,0,0,0,0,0,0,0,0,100
1582,0,0,0,0,0,0,0,0,0,0,0,0
1583,0,0,0,0,0,0,0,0,0,0,0,100
1584,0,0,0,0,0,0,0,0,0,0,0,0
1585,0,0,0,0,0,0,0,0,0,0,0,0
1586,0,0,0,0,0,0,0,0,0,0,0,0
1587,0,0,0,0,0,0,0,0,0,0,0,0
1588,0,0,0,0,0,0,0,0,0,0,0,0
1589,0,0,0,0,0,0,0,0,0,0,0,100
1590,0,0,0,0,0,0,0,0,0,0,0,0
1591,0,0,0,0,0,0,0,0,0,0,0,0
1592,0,0,0,0,0,0,0,0,0,0,0,0
1593,0,0,0,0,0,0,0,0,0,0,0,100
1594,0,0,0,0,0,0,0,0,0,0,0,0
1595,0,0,0,0,0,0,0,0,0,0,0,0
1596,0,0,0,0,0,0,0,0,0,0,0,0
1597,0,0,0,100,100,0,0,0,0,0,0,100
1598,0,0,0,0,0,0,0,0,0,0,0,0
1599,0,0,0,0,0,0,0,0,0,0,0,100
1600,0,0,0,0,0,0,0,0,0,0,0,100
1601,0,0,0,0,0,0,0,0,0,0,0,0
1602,0,0,0,0,0,0,0,0,0,0,0,100
1603,0,0,0,0,0,0,0,0,0,0,0,0
1604,0,0,0,0,0,0,0,0,0,0,0,0
1605,0,0,0,0,0,0,0,0,0,0,0,0
1606,0,0,0,0,0,0,0,0,0,0,0,100
1607,0,0,0,0,0,0,0,0,0,0,0,100
1608,0,0,0,0,0,0,0,0,0,0,0,100
1609,0,0,0,0,0,0,0,0,0,0,0,100
1610,0,0,0,0,0,0,0,0,0,0,0,0
1611,0,0,0,0,0,0,0,0,0,0,0,100
1612,0,0,0,0,0,0,0,0,0,0,0,0
1613,0,0,0,0,0,0,0,0,0,0,0,100
1614,0,0,0,0,0,0,0,0,0,0,0,0
1615,0,0,0,100,100,0,0,0,0,0,0,0
1616,0,0,0,0,0,0,0,0,0,0,0,0
1617,0,0,0,0,0,0,0,0,0,0,0,0
1618,0,0,0,0,0,0,0,0,0,0,0,0
